Point1_EtchRateO;Point2_EtchRateO;Point3_EtchRateO;Point4_EtchRateO;Point5_EtchRateO;Point6_EtchRateO;Point7_EtchRateO;Point8_EtchRateO;Point9_EtchRateO;Point10_EtchRateO
0.34770337;0.35054392;0.34722376;0.3370968;0.31746554;0.2814804;0.22982237;0.17029662;0.11592991;0.07553749
0.37499452;0.37670097;0.375211;0.3678901;0.35381928;0.32574844;0.2767359;0.2101827;0.14430007;0.09060115
0.36549523;0.36824352;0.36524418;0.3576252;0.34401998;0.31790233;0.27779785;0.226687;0.17406994;0.1293834
0.37234512;0.3742769;0.37173665;0.3644688;0.3506415;0.3237187;0.2792535;0.22008547;0.15817346;0.10612726
0.3755982;0.37741798;0.37599307;0.36900216;0.3556117;0.32871938;0.2810305;0.21485722;0.1480548;0.093161665
0.37604168;0.3780855;0.37654853;0.36966145;0.35702026;0.330686;0.2842711;0.21898821;0.15146509;0.09612669
0.34573093;0.34902757;0.34547284;0.33553454;0.3153105;0.2781924;0.22509786;0.16556431;0.111878924;0.07286921
0.36627334;0.36846334;0.3658372;0.35635045;0.33874425;0.30426285;0.25094494;0.18601225;0.12590244;0.08084189
0.35720605;0.35996923;0.35672835;0.34685904;0.32776436;0.29167485;0.23804429;0.17559728;0.118648656;0.076931134
0.36892143;0.3708158;0.36842823;0.36080632;0.34647202;0.3192952;0.27556366;0.21850966;0.15983514;0.11006448
0.35152164;0.35418957;0.35081673;0.34078914;0.32171634;0.286134;0.23454478;0.1744765;0.118841805;0.07727751
0.36290488;0.36522412;0.36174285;0.35224405;0.33460647;0.30018562;0.24832962;0.18603131;0.12653746;0.081622995
0.3646096;0.3670311;0.36371407;0.35424745;0.33678702;0.30173776;0.2487594;0.1853037;0.12517385;0.08049717
0.34711307;0.35017112;0.34661797;0.3365752;0.31668562;0.27990744;0.22726312;0.16766086;0.113526314;0.07386567
0.3761923;0.37851685;0.37674573;0.3712108;0.36153412;0.33965832;0.30043235;0.24336594;0.17770086;0.12024893
0.3703288;0.37230536;0.3693088;0.36104867;0.34520683;0.3148573;0.26623693;0.20389913;0.14179748;0.09214576
0.36397704;0.36598343;0.36294827;0.35387805;0.33700368;0.30550218;0.25699264;0.19654709;0.13747643;0.09058776
0.36121848;0.36429775;0.36074352;0.3527583;0.33796784;0.31020388;0.26889408;0.2188231;0.16890538;0.12750787
0.37487924;0.37719944;0.3751424;0.369231;0.35904366;0.33604002;0.29663387;0.24139616;0.17794622;0.12254791
0.37295753;0.3751076;0.37260616;0.3642762;0.34937528;0.3181133;0.26781824;0.20280842;0.13823849;0.08817659
0.36736563;0.3696385;0.3663927;0.35727468;0.3404025;0.3065795;0.2545674;0.19089465;0.12953871;0.08312009
0.36489552;0.3668002;0.36412734;0.35559782;0.33965114;0.3100068;0.26369542;0.20510717;0.14686958;0.09907464
0.37359482;0.37529153;0.3735472;0.36545983;0.35037205;0.31993377;0.2689772;0.20235497;0.13807654;0.08703344
0.33676827;0.34038213;0.3372142;0.32725385;0.30633062;0.2689955;0.21659938;0.15868399;0.107533574;0.070282176
0.3558612;0.3583866;0.35533622;0.3463835;0.3298475;0.29862994;0.2523744;0.19727874;0.1433168;0.10004182
0.35483527;0.35713243;0.35436743;0.34469423;0.32689488;0.29448327;0.24636722;0.18790685;0.13204347;0.088153526
0.32606816;0.330132;0.3281643;0.3185362;0.29799962;0.2608148;0.20968285;0.15351681;0.104310915;0.06808645
0.37313035;0.37528214;0.3725031;0.36473036;0.35019162;0.32073402;0.27259097;0.20938173;0.14496148;0.09355839
0.36976352;0.37167794;0.36874858;0.3605402;0.3447881;0.31496295;0.26717272;0.20577231;0.14438486;0.09472241
0.3666306;0.36869976;0.36616284;0.35840788;0.3438083;0.3163512;0.27296156;0.2173614;0.1608121;0.11293116
0.3223986;0.32658726;0.3250862;0.3155244;0.29520598;0.2581153;0.20752282;0.15191397;0.103331186;0.06743946
0.37568688;0.3774642;0.37616515;0.3696005;0.35654396;0.33080778;0.28390127;0.21784316;0.15070093;0.09463932
0.37108365;0.37299842;0.37056202;0.3632592;0.34947345;0.32273716;0.2790071;0.22122176;0.16067229;0.109303914
0.3768965;0.37917197;0.37791786;0.37243772;0.3624144;0.340639;0.29950675;0.23755883;0.16877118;0.10960111
0.3648871;0.3673729;0.3644725;0.35674864;0.34235093;0.31515178;0.27310386;0.22016108;0.16644296;0.12104883
0.33683878;0.34037808;0.33716407;0.32708526;0.3060758;0.26878932;0.21652283;0.15860416;0.10756692;0.07038396
0.37299395;0.37524986;0.37322113;0.36667067;0.35554183;0.3321471;0.29333293;0.23953776;0.17977221;0.12744284
0.3751339;0.3769133;0.37538403;0.36800343;0.35406363;0.32593694;0.2771188;0.21070679;0.14462571;0.09099845
0.36003545;0.36229318;0.35894966;0.34931055;0.33147565;0.2977249;0.24718346;0.18616363;0.1278148;0.083117254
0.37575036;0.37754688;0.37626445;0.36978832;0.3568865;0.33143032;0.2848194;0.21887729;0.15158202;0.095252946
0.33473474;0.33848253;0.33602047;0.32645088;0.30590242;0.26915467;0.21722314;0.15940495;0.10826963;0.070460305
0.31803587;0.32285532;0.31942287;0.30941963;0.28801063;0.25133607;0.20237178;0.15233213;0.108335346;0.077030785
0.36807606;0.37028867;0.36706412;0.35809103;0.3413675;0.3081303;0.25664026;0.19305359;0.1314139;0.084343806
0.36418784;0.3670623;0.36387035;0.35613284;0.34220743;0.31565717;0.2753478;0.22474796;0.17313752;0.12960185
0.37246898;0.37460855;0.37243298;0.36570206;0.35375968;0.32919353;0.2886576;0.23359403;0.17343432;0.121282175
0.3730202;0.3750866;0.3723149;0.36476856;0.35043386;0.32195702;0.2750955;0.21317995;0.14945464;0.09761453
0.3435806;0.34687015;0.34335566;0.33333305;0.31290823;0.2758156;0.22306347;0.16400467;0.11100829;0.07237458
0.3592655;0.36171427;0.35815948;0.34839386;0.3303266;0.2952007;0.24318397;0.18168427;0.12344509;0.0798599
0.36843196;0.37060153;0.3673963;0.35851356;0.34186426;0.30902615;0.25790444;0.19441664;0.13266395;0.08519576
0.3751522;0.3770854;0.37538642;0.36776632;0.35391343;0.32524243;0.27648503;0.21042845;0.14423396;0.091219515
0.37165746;0.373632;0.37128422;0.3642153;0.35105073;0.3250318;0.2822816;0.22532561;0.16474628;0.11294226
0.37250927;0.37468022;0.37203762;0.36365917;0.34856078;0.3170778;0.2666831;0.2019265;0.1376563;0.0879089
0.37587222;0.37798214;0.37626925;0.36916208;0.35636285;0.32935995;0.28262627;0.21756336;0.15027581;0.095657475
0.37248;0.37451228;0.37227014;0.36363238;0.34833193;0.3163417;0.26506668;0.19933406;0.13540806;0.086197495
0.34531945;0.3482564;0.34500644;0.33481216;0.31483635;0.2787278;0.22717074;0.16799504;0.114422694;0.07470116
0.37603983;0.37834877;0.37633234;0.37003827;0.35873595;0.33403966;0.29076454;0.2293621;0.16232833;0.10621821
0.37658983;0.37890622;0.37721676;0.37144095;0.36114177;0.33833462;0.29704997;0.23666082;0.16920015;0.11149892
0.37268475;0.37445897;0.3725454;0.36408517;0.34855735;0.31707534;0.26546952;0.19903272;0.13545613;0.08571853
0.36427703;0.3666934;0.36359578;0.35402414;0.33631197;0.3010814;0.24769327;0.18380839;0.12408592;0.07986641
0.37410095;0.3762473;0.37362796;0.3664538;0.35302174;0.32556298;0.2797315;0.21812451;0.15349132;0.10048759
0.33727005;0.34089988;0.33773622;0.3278314;0.3069802;0.26965445;0.21717468;0.15916152;0.10781028;0.070417196
0.36467353;0.3665908;0.36396608;0.3555069;0.33968404;0.3102724;0.26432976;0.20621262;0.14833589;0.10062239
0.36664197;0.3685078;0.36591905;0.35772032;0.3422483;0.31340832;0.26776838;0.20938997;0.1507469;0.102065094
0.3588598;0.36132044;0.35776535;0.34797853;0.32986158;0.29468918;0.24268077;0.18126859;0.12316837;0.079705335
0.3749402;0.37676147;0.37513933;0.36753085;0.35343534;0.32466623;0.27546886;0.20911089;0.14326273;0.09032394
0.3688698;0.37073335;0.36825997;0.36052486;0.34588385;0.31820193;0.27367675;0.21580806;0.15654247;0.10663443
0.36056995;0.3630865;0.3601372;0.3503553;0.33152068;0.29610124;0.24249901;0.1789412;0.12111686;0.07831607
0.37201798;0.3739403;0.3712521;0.3637105;0.34925902;0.3213755;0.27560705;0.2152559;0.15308686;0.10156767
0.34301916;0.34644192;0.34296378;0.33342153;0.3153854;0.28168488;0.23434399;0.18178862;0.13203782;0.09412782
0.37466997;0.37682885;0.3743669;0.367569;0.3549544;0.32876232;0.2844688;0.22401626;0.15928215;0.105300784
0.3467111;0.34955084;0.34635028;0.33617374;0.31643298;0.28063768;0.22931868;0.16997492;0.11593981;0.07568136
0.37122798;0.37334877;0.3703637;0.3620084;0.34633055;0.31509945;0.26527837;0.20165944;0.138448;0.088959076
0.37531385;0.37731057;0.37557077;0.36800683;0.35435614;0.32590848;0.2775446;0.21172336;0.14527433;0.0920489
0.32314616;0.32730836;0.32588178;0.3164268;0.29628646;0.2593773;0.20882791;0.15309216;0.10416538;0.067838736
0.3756013;0.3773355;0.37607372;0.36963207;0.35656452;0.3310968;0.28424984;0.2181484;0.15104221;0.094703704
0.3632151;0.365556;0.36277908;0.35311007;0.334712;0.29972622;0.24617034;0.18188521;0.12315294;0.07938768
0.3646101;0.36681968;0.3634284;0.35413575;0.33672532;0.30309615;0.25179014;0.18929894;0.12924288;0.083345376
0.331546;0.33533436;0.3325395;0.32255763;0.30144912;0.26403823;0.21215157;0.15508889;0.10526174;0.0689448
0.37566608;0.37759042;0.3760526;0.36886695;0.3555373;0.32820567;0.28052175;0.21458088;0.14770888;0.093299605
0.3424455;0.34576145;0.34228584;0.33223778;0.31169513;0.2745914;0.22195797;0.16310725;0.11046465;0.07206942
0.36574718;0.36790058;0.3653307;0.35583487;0.33792338;0.30350593;0.25007266;0.18507251;0.12540588;0.08051863
0.37259248;0.37461334;0.37225908;0.36537692;0.3526164;0.32692787;0.28437465;0.22723512;0.16576782;0.113189556
0.37439936;0.3767694;0.37489393;0.3689531;0.35915086;0.3371641;0.29966712;0.24640235;0.18477029;0.13019007
0.36709315;0.3697416;0.36696473;0.35950923;0.34641808;0.32106033;0.28158706;0.23018625;0.17655377;0.13059013
0.36350095;0.36637264;0.36312127;0.35532114;0.34109712;0.3140931;0.27322903;0.22243081;0.17096746;0.12774615
0.3526475;0.35510665;0.3523114;0.34271935;0.32501212;0.29260516;0.24488074;0.1876017;0.13266414;0.0894568
0.36167142;0.36409962;0.36055967;0.35093105;0.33312693;0.298051;0.24567437;0.1834511;0.124361485;0.08023639
0.35529414;0.3577988;0.35438105;0.34446543;0.3259281;0.2908559;0.2394382;0.17885798;0.12198588;0.07922968
0.3719046;0.37389892;0.37167743;0.36290354;0.34727755;0.31490156;0.26317337;0.1973247;0.13392715;0.08525993
0.37242565;0.37431988;0.37226686;0.36364308;0.34812844;0.3162246;0.2646209;0.19846499;0.13487807;0.0856327
0.37677145;0.37904453;0.37763777;0.37179816;0.36124575;0.33828375;0.295973;0.23339142;0.16479607;0.10662255
0.36820197;0.37076753;0.36815605;0.36082244;0.34807047;0.32318372;0.28403085;0.23230775;0.17783584;0.13088442
0.3368376;0.34053445;0.33758047;0.32782465;0.3070955;0.26992482;0.21751279;0.15948516;0.10806508;0.07048645
0.34634128;0.34917662;0.3460391;0.33584002;0.31606254;0.2803777;0.22923195;0.16995685;0.11604703;0.07582204
0.3655244;0.367958;0.36513495;0.3574631;0.3432157;0.316219;0.2742801;0.22112307;0.16696343;0.12106893
0.35786185;0.36110604;0.35727134;0.34904417;0.3332366;0.30416325;0.26155588;0.2116102;0.16308694;0.12356876
0.3657136;0.36800486;0.36463994;0.35537916;0.33813775;0.3040339;0.2519917;0.18880542;0.12820017;0.08240537
0.3425028;0.3459835;0.3426715;0.33283558;0.31228116;0.27518457;0.22224589;0.16315913;0.11038095;0.071953475
0.36722004;0.36920342;0.36608365;0.3573097;0.34059158;0.30915186;0.25987956;0.19794998;0.13729738;0.08930586
0.3751236;0.3770054;0.3753603;0.3677837;0.35387036;0.32528216;0.27642584;0.2102271;0.14411093;0.090994045
0.3679097;0.36985913;0.36743337;0.3597341;0.34526014;0.3179541;0.274353;0.21787271;0.1601139;0.11113998
0.37658137;0.37871942;0.3774804;0.37167683;0.36067718;0.33767274;0.2945235;0.23067522;0.16192536;0.10349913
0.35298142;0.3559786;0.3524123;0.3425077;0.32323837;0.28645408;0.23297828;0.17195323;0.11597669;0.075288884
0.37320796;0.37525204;0.372881;0.36607826;0.35347158;0.32789034;0.2852571;0.2276918;0.16556181;0.112526566
0.36894792;0.37108034;0.36791277;0.35913914;0.34262517;0.31020668;0.25945055;0.19601315;0.1340608;0.086139575
0.35884985;0.36140594;0.35827014;0.34988463;0.33377978;0.30394277;0.25904024;0.20509571;0.15218426;0.10883547
0.35424638;0.35689834;0.3533554;0.3434089;0.32466155;0.28881982;0.23660985;0.1759546;0.11940158;0.07741822
0.37096477;0.37326115;0.37104103;0.36404735;0.3519668;0.3277378;0.28848183;0.23519935;0.17781493;0.12790447
0.3717897;0.37397358;0.37117037;0.3626928;0.34727243;0.31543598;0.2648297;0.20035109;0.13657075;0.08732976
0.37589198;0.3781535;0.37619546;0.36945683;0.35736194;0.3312923;0.28607735;0.22265352;0.15528108;0.10001833
0.3551597;0.35776696;0.3546461;0.3457002;0.32911354;0.29780042;0.25159183;0.19691443;0.14347199;0.100704595
0.3760844;0.3781299;0.37661386;0.36979014;0.35723582;0.3310936;0.28484806;0.21961442;0.15201037;0.09648366
0.35734713;0.35976422;0.3563321;0.3464985;0.32824486;0.29352605;0.2422626;0.18141341;0.123876005;0.0804285
0.36495045;0.3672368;0.3644781;0.35489565;0.33702138;0.30219203;0.24876247;0.18421744;0.12461503;0.08017612
0.36804888;0.37029377;0.36708704;0.35806492;0.34135717;0.3078527;0.25607786;0.19232884;0.13065974;0.083808325
0.37674376;0.37905708;0.37757736;0.37231243;0.3630138;0.34215492;0.30345568;0.2455905;0.17885205;0.12009977
0.35801703;0.36068374;0.35763633;0.3477861;0.32855028;0.29286125;0.23928627;0.17636688;0.119403884;0.07739475
0.3725749;0.3744423;0.37243125;0.36386067;0.3483867;0.31663537;0.26508448;0.19885546;0.13520063;0.08576596
0.37616652;0.3784703;0.37651387;0.37043038;0.35952654;0.33558354;0.29329476;0.23282528;0.16599733;0.10942392
0.37498888;0.3769692;0.3751716;0.36741832;0.35348204;0.32441545;0.2754826;0.2095583;0.14349575;0.09091698
0.35955608;0.36181635;0.35850495;0.34884006;0.33096507;0.29726425;0.24686219;0.18599522;0.12783109;0.08322631
0.35840136;0.3610912;0.35747933;0.34764567;0.32934913;0.29314616;0.23993458;0.17809266;0.12015925;0.07771899
0.37342924;0.37560692;0.37305623;0.36499038;0.3503982;0.31995243;0.27051336;0.20591414;0.14094387;0.09006651
0.33773184;0.34103382;0.3383937;0.32835153;0.30849898;0.27423352;0.22570263;0.16994406;0.11882791;0.08005318
0.36023644;0.36242512;0.35922816;0.3496533;0.3319712;0.2988965;0.24914187;0.18849249;0.13024163;0.08513126
0.35675594;0.3590821;0.3559023;0.34608233;0.3278845;0.2940896;0.24399059;0.18369323;0.12650844;0.08266807
0.37658086;0.37889153;0.3772105;0.37155202;0.36147365;0.33909935;0.29848775;0.2389369;0.17183343;0.11398502
0.37443152;0.3765949;0.37404737;0.36703992;0.35398564;0.32705253;0.28181455;0.22055353;0.15571946;0.102236666
0.3488092;0.351549;0.34832007;0.33820167;0.3187722;0.28321233;0.2319501;0.1723295;0.11760173;0.0766785
0.37519082;0.3774506;0.37509573;0.36824915;0.35575128;0.3291799;0.2839904;0.22186598;0.15572256;0.10139698
0.3728102;0.375117;0.37315947;0.36656508;0.35558125;0.3327573;0.29490495;0.24188693;0.18306315;0.13127084
0.37173554;0.37387002;0.3713265;0.36262858;0.3471288;0.31472334;0.26334757;0.1981464;0.13451949;0.085817546
0.35880515;0.3617824;0.3582191;0.35004607;0.33422953;0.3051371;0.2619086;0.21061878;0.16054726;0.119471334
0.3572073;0.3605108;0.35660633;0.34833425;0.3323752;0.30311745;0.2604031;0.21063876;0.16251066;0.12346187
0.37592632;0.3782182;0.3761383;0.36987633;0.35859782;0.33402336;0.2910992;0.23039325;0.16382852;0.10783877
0.34032133;0.34342787;0.3408534;0.33081067;0.31117123;0.2771598;0.2286214;0.1721488;0.120220006;0.080594674
0.37321433;0.3753951;0.37277412;0.36468542;0.34998477;0.31944418;0.26996976;0.20551322;0.14071926;0.089993775
0.32641745;0.3304512;0.32833108;0.3185967;0.29786783;0.26057097;0.20931658;0.15309004;0.10400356;0.06799305
0.3436496;0.34704262;0.3440679;0.33434862;0.31378746;0.27731;0.22452177;0.16484585;0.11182692;0.072788194
0.36063445;0.3630214;0.3594916;0.34981576;0.3319223;0.29711217;0.24523668;0.1834961;0.124794796;0.08067356
0.36405078;0.3660149;0.3631142;0.354203;0.33766153;0.30682293;0.2591663;0.1994954;0.14082985;0.093688525
0.33955917;0.34314498;0.33992577;0.33008492;0.3093826;0.2721537;0.2194493;0.16097274;0.10895917;0.07108487
0.356026;0.35829023;0.3554964;0.3459843;0.32857907;0.2965498;0.24882068;0.1907442;0.13473672;0.09043904
0.37438464;0.37652197;0.3739915;0.36704275;0.3540716;0.3274104;0.28258014;0.22180815;0.1572665;0.10371357
0.3665867;0.3689238;0.36573663;0.35643953;0.33939236;0.30489007;0.2522014;0.18830062;0.12732594;0.08171672
0.3748536;0.37709695;0.3746828;0.36752626;0.35445115;0.32687223;0.28047395;0.21744247;0.15139276;0.09785914
0.37625113;0.3784996;0.3767562;0.37021038;0.35848737;0.33316562;0.2885342;0.22497118;0.15711886;0.1010683
0.37613583;0.3780765;0.37683168;0.37067074;0.35858157;0.33425245;0.2891128;0.22389993;0.15584524;0.09848671
0.35626704;0.35862696;0.35541588;0.34556395;0.32727024;0.2932465;0.24293855;0.18261665;0.12555228;0.08195169
0.37447023;0.37659776;0.37412757;0.36732212;0.35464945;0.32852498;0.28443244;0.22438794;0.1600711;0.106236316
0.33741012;0.34119287;0.33761805;0.32795;0.30917758;0.27467442;0.22695288;0.17528933;0.12722407;0.091248244
0.37363547;0.37565544;0.37355906;0.36523977;0.35051247;0.3195643;0.26916727;0.20336731;0.13852777;0.0880401
0.37602204;0.37832975;0.376322;0.36994013;0.3584813;0.3334934;0.28978267;0.22787659;0.16068399;0.104716204
0.37516385;0.37749842;0.37549582;0.36969253;0.35972098;0.33704033;0.29786587;0.24253683;0.17871033;0.122874446
0.3593621;0.362581;0.35881966;0.3506943;0.33540303;0.30697653;0.2651521;0.21544614;0.16656485;0.12645693
0.37539366;0.37716043;0.37572575;0.36864233;0.35499734;0.32774574;0.27958563;0.21323454;0.1467523;0.09221229
0.3322902;0.33613962;0.33348793;0.3237456;0.30297363;0.2656996;0.2137501;0.15656607;0.10619201;0.06932615
0.37518975;0.37741584;0.37522343;0.36902583;0.3578652;0.33373693;0.29223284;0.23431286;0.1698291;0.114543915
0.32130983;0.32552773;0.32408103;0.31445825;0.2940584;0.25690535;0.20640151;0.15093926;0.10268895;0.06711383
0.37499285;0.37726352;0.37513855;0.36909354;0.35845524;0.33492994;0.29458758;0.23820211;0.17435683;0.11904706
0.37564072;0.3779058;0.37582865;0.36981452;0.35906342;0.33548465;0.29439235;0.23629954;0.17114118;0.11512639
0.36673144;0.36873284;0.36558303;0.35672334;0.33987886;0.3081954;0.25873125;0.19678876;0.13628402;0.08857307
0.3750777;0.37680307;0.37531626;0.36802047;0.35402855;0.326068;0.27720478;0.2106954;0.14469425;0.09088254
0.37335926;0.37563094;0.3735885;0.3671775;0.35627425;0.33293855;0.2940347;0.24008168;0.17958029;0.12661718
0.34805614;0.35128418;0.34801984;0.33819833;0.31793267;0.28136617;0.22813877;0.16767281;0.11349599;0.07386381
0.35325626;0.35577032;0.3525381;0.3425585;0.3237933;0.28902334;0.23819488;0.17807958;0.12192348;0.07945705
0.37383455;0.3754418;0.37380126;0.3659595;0.35096633;0.3211332;0.27039126;0.20362088;0.13919567;0.087447
0.3665896;0.36904;0.36629125;0.3587405;0.34497386;0.31858486;0.27739948;0.22454734;0.17010733;0.12373463
0.36798823;0.36997053;0.3668609;0.35817948;0.34159017;0.3102679;0.26095918;0.19878164;0.13775659;0.089449644
0.37555963;0.37731144;0.37597135;0.3692189;0.35588476;0.32957247;0.2821126;0.21587363;0.14902619;0.09352861
0.37615877;0.37814924;0.37678167;0.37027764;0.35795978;0.33271143;0.287004;0.22174054;0.15388858;0.09744858
0.3442011;0.34715897;0.34400687;0.33376187;0.3136453;0.27763247;0.22631165;0.16730595;0.11410469;0.074617244
0.3453267;0.34842253;0.34492785;0.33483487;0.31471345;0.2779569;0.22553752;0.16626473;0.11271951;0.07344085
0.36562476;0.36776018;0.36521062;0.35572225;0.33771625;0.3033442;0.2498777;0.18484277;0.12530531;0.08043774
0.37688467;0.37919655;0.37777197;0.37219596;0.36221808;0.34018242;0.29931027;0.2383176;0.17008609;0.1114449
0.3727623;0.37484172;0.37252608;0.36399892;0.34890446;0.31718302;0.266272;0.2007508;0.13649198;0.08692762
0.3516505;0.3546983;0.3514341;0.3415826;0.3216371;0.28530294;0.23189536;0.17060512;0.11544866;0.07505903
0.32056257;0.3248126;0.3237079;0.31428376;0.2942967;0.25743684;0.20726693;0.15191868;0.103433035;0.06737236
0.34095842;0.34392193;0.34147024;0.33121845;0.31119096;0.27688304;0.22781825;0.17011765;0.11790805;0.078236625
0.36974555;0.3716971;0.36942202;0.36032638;0.34366375;0.31036767;0.2576099;0.191779;0.1300463;0.08293939
0.35324687;0.35617566;0.35254708;0.3426233;0.32355356;0.28681916;0.23354204;0.17267221;0.116499774;0.075569466
0.35551688;0.35839483;0.35483658;0.34494045;0.32605958;0.2894374;0.23590621;0.17437923;0.11756158;0.07622557
0.3743872;0.37676007;0.37492216;0.36898056;0.35922763;0.33744162;0.30023438;0.24716884;0.18575698;0.1312462
0.3751806;0.37743574;0.3750708;0.36825997;0.35581103;0.32936534;0.28437123;0.22249152;0.15645868;0.10208851
0.37623957;0.37824002;0.37693238;0.37064505;0.35861143;0.33400586;0.2888763;0.22381979;0.15572636;0.09867117
0.35708547;0.35982946;0.35619712;0.34632197;0.32784748;0.29148728;0.23827001;0.17671517;0.11922906;0.0771831
0.37302515;0.3750972;0.37282562;0.36436144;0.3493874;0.31788787;0.2671535;0.20159316;0.1371443;0.08731041
0.34456733;0.3476953;0.34421644;0.33411103;0.31388193;0.27709088;0.22470428;0.16555586;0.11226043;0.07318135
0.36593923;0.36805993;0.3655269;0.3560593;0.33814543;0.3038271;0.25039056;0.18529204;0.12560235;0.08059353
0.3736837;0.37587124;0.373316;0.36540422;0.35100988;0.32105467;0.2721209;0.2077617;0.14259289;0.091248006
0.33942333;0.3430195;0.33983615;0.33001453;0.30931613;0.27211455;0.21942796;0.1609562;0.10896177;0.071077116
0.373242;0.37540963;0.37266186;0.36485836;0.35034177;0.32074854;0.27240583;0.20893387;0.14432591;0.09294527
0.3656661;0.3676091;0.36463934;0.35584372;0.3393113;0.30847815;0.26042184;0.19996049;0.14046906;0.092763014
0.37324873;0.37539497;0.37314522;0.36658806;0.35481024;0.330101;0.28895545;0.23304129;0.17136066;0.11812088
0.35470757;0.35714403;0.35392678;0.34400392;0.32546425;0.2910624;0.24049638;0.18027811;0.12368175;0.080662236
0.37494546;0.37657833;0.37515172;0.36800796;0.35391572;0.3262372;0.27729142;0.21064031;0.1448007;0.09067998
0.3722661;0.37424186;0.3714592;0.36381325;0.34916306;0.3206799;0.2740063;0.21265616;0.14983737;0.09842342
0.37687126;0.3791333;0.37790477;0.37243938;0.36237037;0.3406132;0.29937744;0.23722479;0.16836493;0.1091211
0.3681719;0.37040728;0.3675797;0.3583292;0.34158516;0.30741355;0.25464594;0.18991621;0.12840267;0.08226055
0.3609972;0.36315417;0.35996765;0.3504647;0.33290303;0.30003878;0.25040781;0.1896976;0.13122505;0.08580317
0.35538173;0.3582055;0.35456845;0.3446619;0.3259322;0.2893844;0.23613243;0.17489335;0.11799075;0.07645361
0.3548332;0.35772344;0.35444415;0.34456593;0.3251022;0.2888596;0.23529649;0.17337103;0.11719741;0.07609609
0.37671018;0.3790202;0.3774359;0.37188965;0.36201227;0.34006846;0.29984528;0.24036409;0.17308326;0.11483501
0.37658578;0.37874725;0.37741864;0.37141255;0.36024782;0.33666435;0.2931244;0.22923344;0.16063076;0.10277105
0.37472454;0.37689236;0.3744355;0.3676422;0.3550507;0.32885042;0.2845153;0.22396094;0.15911382;0.10508673
0.3755346;0.37779167;0.37555104;0.36908722;0.35733628;0.33209616;0.28859496;0.2279311;0.16195913;0.10672424
0.3729872;0.37496316;0.3724629;0.36538094;0.35198307;0.32550156;0.2814791;0.22247364;0.1600999;0.10749891
0.37569362;0.37795287;0.37585124;0.36975524;0.35879153;0.33489496;0.293256;0.2344661;0.16900599;0.11305395
0.36186293;0.36387518;0.36110345;0.35210305;0.33559817;0.3048492;0.25779623;0.1992316;0.14170569;0.09529232
0.36699417;0.36917725;0.36588538;0.3568312;0.33982077;0.30659026;0.25527358;0.19209902;0.13103761;0.08425166
0.36717948;0.36948478;0.3662797;0.3570848;0.34018388;0.30603066;0.25366783;0.18981686;0.12854108;0.08245945
0.36449975;0.36642638;0.36364952;0.35494062;0.33871874;0.30853182;0.2616084;0.20252252;0.14409222;0.09659107
0.3752613;0.37737814;0.37543765;0.36788872;0.3544128;0.32596612;0.27800643;0.21278603;0.14623465;0.09308498
0.3511441;0.3536162;0.3507981;0.3407686;0.32187894;0.28804892;0.23852493;0.17912808;0.12387584;0.08146383
0.37548736;0.37789917;0.37617257;0.37079722;0.36188695;0.3409286;0.30391857;0.25026894;0.1865296;0.12965357
0.36872047;0.37068677;0.36835954;0.35915628;0.34207314;0.3084818;0.25543517;0.18972614;0.1286592;0.08215972
0.33834326;0.3421215;0.3384488;0.32881626;0.31021193;0.27578315;0.22817753;0.17676955;0.12886164;0.092998356
0.37596127;0.3783243;0.3765823;0.37116843;0.3619235;0.34056163;0.30241668;0.24692589;0.18200786;0.12464044
0.36202812;0.3641684;0.36093307;0.35150716;0.33402994;0.30116978;0.25134057;0.19031179;0.13143347;0.085717775
0.36111116;0.36399683;0.36058763;0.3525901;0.33744022;0.3092194;0.266876;0.21559547;0.16473167;0.12252949
0.37032542;0.37222245;0.3693733;0.361347;0.34594086;0.31671003;0.26957127;0.20857644;0.14711179;0.096959755
0.37288174;0.37515232;0.37314698;0.36656308;0.35545135;0.3322201;0.293717;0.24019343;0.18082803;0.12876171
0.3556825;0.35830855;0.35514873;0.34632692;0.32980615;0.29874885;0.25280067;0.19843584;0.14532737;0.10265316
0.33493447;0.3385253;0.33563972;0.32569012;0.305843;0.27129072;0.22291467;0.16866118;0.11886612;0.081384376
0.35455915;0.35767072;0.35397556;0.34546858;0.32865798;0.2981022;0.25338036;0.20183057;0.15258314;0.11301359
0.3721925;0.37431532;0.37214443;0.36533123;0.35322022;0.3285582;0.28797537;0.23294064;0.17317027;0.12136844
0.369827;0.37182537;0.36877435;0.3603471;0.344215;0.3133083;0.26410192;0.20143726;0.13943642;0.09026611
0.32934466;0.3333348;0.3302952;0.32030886;0.29987273;0.2646452;0.21607704;0.16309641;0.11510347;0.07956326
0.36226416;0.3642957;0.36134607;0.35216957;0.33527446;0.3038052;0.25572285;0.19604956;0.13780782;0.09146743
0.3728767;0.37504184;0.37246838;0.36416972;0.3492487;0.3180478;0.26787376;0.20304759;0.13851398;0.08842228
0.372526;0.37470436;0.3719951;0.3636938;0.348618;0.3173674;0.26725793;0.2027452;0.13846187;0.088522404
0.37621295;0.37818226;0.37696654;0.37095234;0.35911986;0.3352534;0.29061365;0.22564018;0.1573793;0.09959652
0.3703871;0.37228465;0.36943898;0.3614263;0.34604502;0.3168475;0.26973686;0.2087463;0.14725228;0.09705898
0.3425283;0.34538203;0.34289977;0.33260268;0.31260327;0.27822453;0.22891606;0.17064995;0.11804514;0.07809247
0.37484458;0.3770546;0.37477562;0.36733434;0.35389465;0.32550552;0.27798596;0.21377201;0.14753157;0.09451503
0.37593177;0.37795866;0.37639076;0.36936817;0.35650697;0.32975382;0.28292078;0.21747449;0.15015092;0.09521574
0.3748119;0.3764882;0.37498084;0.36758164;0.3533454;0.32498023;0.27563795;0.20901398;0.14338815;0.089995764
0.37502056;0.37724823;0.37505615;0.36886877;0.35777968;0.3337378;0.29252607;0.23513748;0.1710192;0.11587951
0.33819303;0.34163502;0.33835125;0.32821637;0.30727285;0.27009732;0.21786141;0.15972483;0.10836546;0.070903294
0.37280637;0.3749589;0.37215084;0.3641989;0.34936848;0.31932804;0.27055863;0.20698786;0.14270519;0.09180855
0.3740196;0.37611204;0.3735389;0.3664918;0.35324562;0.32637554;0.28139964;0.2207685;0.15670249;0.10351936
0.37686655;0.3791208;0.3779327;0.37254965;0.36255494;0.34104624;0.2999913;0.23787192;0.16895457;0.10947719
0.36174586;0.36469194;0.36126775;0.35332358;0.33851698;0.31072012;0.26905417;0.21828946;0.1675937;0.12542036
0.3765912;0.378771;0.3773983;0.3713254;0.36013615;0.33636615;0.2927544;0.22893584;0.1603887;0.10273014
0.3367657;0.34015423;0.33746046;0.32743466;0.30753997;0.27318028;0.22467631;0.16930264;0.118549146;0.080142334
0.37241226;0.37434858;0.37171954;0.36433193;0.3502135;0.3227866;0.27754724;0.21754906;0.15524927;0.1033362
0.34661695;0.34934106;0.34649408;0.33626413;0.31661698;0.2817425;0.23151045;0.17233452;0.11839244;0.07767742
0.37295064;0.3749388;0.37249455;0.3654998;0.3523493;0.32620168;0.28272894;0.2243454;0.16221623;0.10953491
0.3364376;0.34041655;0.3365436;0.32689184;0.30806106;0.27329308;0.22562897;0.17507666;0.12840006;0.09382801
0.37417662;0.37628186;0.37390095;0.36725757;0.35497466;0.3295939;0.28679538;0.2284133;0.16504018;0.11117597
0.34538263;0.34831694;0.34506506;0.3348726;0.314906;0.27880058;0.22724077;0.16805598;0.11446259;0.07472314
0.3756253;0.37743896;0.37603483;0.36910874;0.35577267;0.32906085;0.2814965;0.2153371;0.14847331;0.09339554
0.37400436;0.3759552;0.374013;0.36582395;0.35121953;0.3207103;0.27048475;0.20443891;0.13940015;0.08840096
0.36779806;0.37008518;0.36704692;0.35783917;0.34107602;0.30688256;0.2543004;0.19000858;0.12850969;0.08236869
0.33404198;0.3377069;0.3346834;0.3246295;0.3035065;0.2661369;0.21405718;0.15658905;0.10624854;0.06958617
0.37391248;0.3759928;0.37359777;0.36688548;0.35443553;0.3289135;0.2860281;0.22774015;0.16468854;0.111091055
0.36665982;0.36894482;0.36606237;0.35664776;0.33944574;0.3048109;0.25168735;0.18716277;0.12646066;0.08117396
0.36227223;0.36535925;0.36187655;0.35397497;0.33962917;0.3125441;0.27209073;0.22237018;0.17230658;0.13050586
0.37478226;0.3771654;0.37527353;0.36951178;0.3599327;0.33797154;0.30021682;0.24657393;0.18395801;0.12856123
0.3263222;0.33037186;0.328645;0.3191849;0.2989395;0.26207656;0.21114342;0.15488113;0.10533511;0.068550825
0.37372863;0.37588617;0.37318814;0.3657391;0.35179475;0.3233862;0.27640495;0.21389964;0.14922714;0.09691812
0.35788178;0.36101583;0.35728538;0.34905857;0.33312106;0.3038881;0.26082483;0.2102373;0.16112912;0.12107205
0.34778717;0.35104567;0.3476106;0.33774674;0.31759015;0.28072396;0.22743285;0.16724363;0.11303104;0.073574886
0.37163383;0.37387478;0.37172517;0.36483636;0.3529253;0.32879975;0.28941485;0.23569223;0.17744884;0.12673229
0.37462386;0.37699342;0.37505955;0.36920494;0.35943004;0.33718303;0.2991448;0.2453739;0.1829381;0.12785016
0.37618688;0.37814748;0.37691194;0.3708127;0.35885808;0.33473578;0.28984785;0.22476684;0.1566022;0.099057555
0.37548423;0.37766007;0.37568927;0.36841607;0.35539556;0.32773808;0.28068453;0.21602815;0.14913471;0.09525573
0.36989117;0.3717821;0.3693791;0.3618916;0.34778693;0.3207811;0.2770161;0.21961313;0.16008106;0.109571785
0.36723676;0.36924642;0.3660859;0.3572654;0.340462;0.30872855;0.25908038;0.19686022;0.13607433;0.08822955
0.35601515;0.35834655;0.35524452;0.34539995;0.32713896;0.2934619;0.24359554;0.18350546;0.12661271;0.08290021
0.37559026;0.37775066;0.37584698;0.3685946;0.35561803;0.32807744;0.28106797;0.21628298;0.14929141;0.09527078
0.3491897;0.35236016;0.34878048;0.33886537;0.31903824;0.2820623;0.22873983;0.16848594;0.1137388;0.07397293
0.36147147;0.3640482;0.3606055;0.3509124;0.33291394;0.2971137;0.24376497;0.18096791;0.12207036;0.07876194
0.34701732;0.34975803;0.34679624;0.33658665;0.316964;0.2818417;0.23129116;0.1720082;0.11790409;0.07721034
0.37107125;0.3730279;0.37080872;0.36188987;0.34582704;0.31303602;0.26080894;0.19489442;0.13220301;0.08419428
0.37295952;0.37492973;0.37235695;0.36515352;0.35145304;0.3245111;0.27979767;0.22007483;0.15744832;0.10502309
0.3755634;0.3778078;0.3756186;0.3693345;0.3579409;0.333376;0.29085737;0.23128214;0.16572489;0.11019458
0.35795516;0.3606549;0.35703066;0.34718162;0.32883596;0.29260427;0.23943193;0.17771551;0.1199272;0.07758915
0.3260526;0.33043474;0.32696077;0.31705612;0.29661813;0.26083124;0.21233498;0.16145247;0.11570125;0.08243239
0.3763618;0.378399;0.37716118;0.37117276;0.35960254;0.3359129;0.29170802;0.22707832;0.1586338;0.1007348
0.35002905;0.3531837;0.34972376;0.33984715;0.31994468;0.28317398;0.22976342;0.16911282;0.114236444;0.074299574
0.37316543;0.37503642;0.3730811;0.36466336;0.34950116;0.31822512;0.26710147;0.20085417;0.13669927;0.08664036
0.37649506;0.37883136;0.37727815;0.3720311;0.3629134;0.34213758;0.30401647;0.24741732;0.18144736;0.12306183
0.34009877;0.34362268;0.34028834;0.33036655;0.30965227;0.27237642;0.21965691;0.16114615;0.10906617;0.07118321
0.3744438;0.3763445;0.37453547;0.3665568;0.35216945;0.32231304;0.27248058;0.20629127;0.14090647;0.08916356
0.34734285;0.34996575;0.34730363;0.33711976;0.31768003;0.2835162;0.23398742;0.17495935;0.12090455;0.07964195
0.37390366;0.3754431;0.3738639;0.36619332;0.35122094;0.32177994;0.27113754;0.20427442;0.1398221;0.08762719
0.35951412;0.36199835;0.35841846;0.3486553;0.3305987;0.2952564;0.24294521;0.1812706;0.12293416;0.079469636
0.37436348;0.37631753;0.37442926;0.3663816;0.35199675;0.32195064;0.2721242;0.2060894;0.1407061;0.08918203
0.3369519;0.34061077;0.33749408;0.3276227;0.30679023;0.26946932;0.21700585;0.15903893;0.10772485;0.07034764
0.37126556;0.37310678;0.37101984;0.36220762;0.34606072;0.31357127;0.26126093;0.19505998;0.1324794;0.08415027
0.3387831;0.3419507;0.33942842;0.3293002;0.3093439;0.27509513;0.22638017;0.16980982;0.11821701;0.07902353
0.3659661;0.3683132;0.3652635;0.35583025;0.33854482;0.30370685;0.25058156;0.18642381;0.1259016;0.08086931
0.37644258;0.37877142;0.37714544;0.37178516;0.36242136;0.34119946;0.30252895;0.24548677;0.17946127;0.12135523
0.3716446;0.37367356;0.37137985;0.36255455;0.34686136;0.31429943;0.26250163;0.19678043;0.13349485;0.08506032
0.3411941;0.34449065;0.34108874;0.33095866;0.31029838;0.27328768;0.22095552;0.16234201;0.1101098;0.071929365
0.3267712;0.33073458;0.32839048;0.31842512;0.2973115;0.2598764;0.20850505;0.1521675;0.10340514;0.067836106
0.35210592;0.35529608;0.35157505;0.3428547;0.32565916;0.29432422;0.24889152;0.19721039;0.14817107;0.10926223
0.36022785;0.36232656;0.3595587;0.350522;0.33400127;0.30315232;0.25631613;0.19849339;0.14170933;0.09590985
0.37398595;0.37605545;0.37355334;0.36664638;0.35368595;0.3274001;0.28328598;0.22359735;0.15997513;0.10659049
0.34848788;0.35120577;0.34807718;0.337935;0.31848827;0.28316218;0.23221347;0.17268704;0.118077844;0.07710486
0.36619815;0.36808383;0.36531782;0.35683545;0.34086177;0.31112087;0.2643722;0.20500758;0.1459544;0.09768032
0.3759495;0.37799776;0.3764079;0.3693887;0.35658398;0.32985166;0.2831161;0.21777286;0.15041193;0.095471434
0.3507775;0.35323206;0.3505727;0.34061578;0.32191163;0.28867197;0.23989329;0.18109882;0.12615784;0.08357011
0.3532597;0.35583663;0.35246938;0.3424905;0.32367635;0.2884163;0.23701279;0.17673641;0.12053515;0.07836058
0.36241114;0.36480105;0.36186266;0.35381025;0.3384165;0.30980286;0.26589707;0.21174036;0.15782495;0.11287239
0.34802586;0.35062805;0.34803724;0.33804908;0.31909826;0.28570354;0.2370415;0.17882349;0.12467302;0.08280231
0.34545156;0.3488027;0.3453287;0.33544353;0.31512943;0.27805364;0.224902;0.16530329;0.11171603;0.07277496
0.37050435;0.37268382;0.36966547;0.36104038;0.34508514;0.31284192;0.26204008;0.19803607;0.13510175;0.08657614
0.37608358;0.37825465;0.37654725;0.36970183;0.35739678;0.33119062;0.28539753;0.2209021;0.15326984;0.09793374
0.3715965;0.37374908;0.37081873;0.3624702;0.3469576;0.3156372;0.26565877;0.2017678;0.1382272;0.08866676
0.36332834;0.36577642;0.36282024;0.35491404;0.33988497;0.31183362;0.26869535;0.21516225;0.16154446;0.1165919
0.36024728;0.36267585;0.35966924;0.35135394;0.33545688;0.30594766;0.2611528;0.2066925;0.15296286;0.108688764
0.36415285;0.36641017;0.36372903;0.35412353;0.3358489;0.30110595;0.24757424;0.18297726;0.123962745;0.07978763
0.35288164;0.35539478;0.35250953;0.34306613;0.32569394;0.29351124;0.24618062;0.1897057;0.13513787;0.092058815
0.34793964;0.35115212;0.34756625;0.33763844;0.31767404;0.28063723;0.22740524;0.16743489;0.11306752;0.073572464
0.37390476;0.3759725;0.37341985;0.36640516;0.35320073;0.32652813;0.2818797;0.22167835;0.15793031;0.1047556
0.3663759;0.36850837;0.36521065;0.35614562;0.33902657;0.3060966;0.25522304;0.19246832;0.13176672;0.08492505
0.3755792;0.37752932;0.37592816;0.3686131;0.35518697;0.32748693;0.27958772;0.21368083;0.14692995;0.092908785
0.3416316;0.34479514;0.34151825;0.33128276;0.3107248;0.2741103;0.22228882;0.16362624;0.11127761;0.07278281
0.3739652;0.3760336;0.37351757;0.36658108;0.35355243;0.32716134;0.2829002;0.22306888;0.15941179;0.10608315
0.3721652;0.37421945;0.37191072;0.36320952;0.3477921;0.31557226;0.26415208;0.19851588;0.1347788;0.08585786
0.34749848;0.35015354;0.3473662;0.3371733;0.31769267;0.28316778;0.23323125;0.17403941;0.119855404;0.0787276
0.36393613;0.36634165;0.36333394;0.35371804;0.33582437;0.30059665;0.24712186;0.18312535;0.12368598;0.079659075
0.34436172;0.3477686;0.34443128;0.33459827;0.31414798;0.2771705;0.22410628;0.16460232;0.11134071;0.07254105
0.34228083;0.34563112;0.3421597;0.33213744;0.31157324;0.2744232;0.22172453;0.16288592;0.11027808;0.07194491
0.37681037;0.37911838;0.37761113;0.37213567;0.3623745;0.3407086;0.3006847;0.24111575;0.17364056;0.115093924
0.35117567;0.35395578;0.3504466;0.3404327;0.32124323;0.28509802;0.23286057;0.17269674;0.11717343;0.07608499
0.36710596;0.3693963;0.36614534;0.35698214;0.34005523;0.30606127;0.25390187;0.19021948;0.12897608;0.08276484
0.36693516;0.36881554;0.36600757;0.3575651;0.34159997;0.3118327;0.2648688;0.20508966;0.14558502;0.097035915
0.37507328;0.3773843;0.37533066;0.36942938;0.35920098;0.3361791;0.29656297;0.24087442;0.17708325;0.12148678
0.3493411;0.3520841;0.34878537;0.3386919;0.31931913;0.28363392;0.23216298;0.17243294;0.11752376;0.07654448
0.37313488;0.37526664;0.37248012;0.3647956;0.35034275;0.3212235;0.2735035;0.21069063;0.14642978;0.09483815
0.33582717;0.33955386;0.33628196;0.32651103;0.3072809;0.27273685;0.22474569;0.17208007;0.12330143;0.08669461
0.34180832;0.3447082;0.34224638;0.33196172;0.31193453;0.27758396;0.22837953;0.17034104;0.11792579;0.07811268
0.37630412;0.37854576;0.37684447;0.37032756;0.3586483;0.33344233;0.2888767;0.22524768;0.1573149;0.10113424
0.36540857;0.36819357;0.36516935;0.35754526;0.34397754;0.31794605;0.278034;0.2271532;0.17475761;0.13025323
0.37517124;0.37737337;0.37508193;0.36864883;0.35688674;0.3318928;0.28905785;0.22966944;0.16472724;0.109796375
0.3715744;0.3737866;0.37162277;0.3647111;0.35266688;0.32833886;0.2886329;0.23464966;0.17627221;0.12551783
0.33777493;0.34114292;0.33795846;0.32769206;0.3066841;0.26973823;0.21789637;0.15980396;0.108640336;0.071223214
0.37685758;0.37911764;0.37787312;0.37235978;0.36221528;0.34029865;0.29888922;0.23661914;0.16777048;0.10865106
0.37410092;0.37626103;0.37363303;0.36641127;0.35291162;0.32525703;0.27915516;0.21725997;0.15248795;0.09956943
0.3521495;0.35466325;0.35157967;0.34156013;0.32268512;0.28818813;0.2378038;0.17795828;0.1222104;0.07987081
0.37021008;0.37240076;0.37009785;0.3629385;0.35014907;0.3249736;0.28436953;0.23017958;0.17272964;0.12311174
0.3643407;0.36677843;0.36349934;0.3539889;0.33644298;0.3012539;0.24810934;0.18458131;0.12461438;0.080167174
0.36991453;0.37188482;0.36959597;0.3605087;0.3439536;0.3106749;0.25800177;0.19220327;0.1303063;0.083118655
0.37152803;0.37350363;0.3711729;0.364093;0.35093462;0.32495886;0.2823302;0.22554463;0.1651808;0.11350691
0.33708692;0.34075633;0.33806095;0.32842702;0.30780965;0.27101728;0.21877764;0.16053048;0.10894531;0.070936844
0.3682418;0.37012637;0.36724818;0.35888797;0.34295896;0.31312504;0.26573712;0.20517491;0.14482161;0.095785946
0.37407205;0.37597236;0.3741024;0.36596683;0.3513484;0.3209864;0.27073133;0.20453888;0.13951877;0.08834953
0.3631387;0.3654284;0.36196467;0.35249966;0.3348986;0.30067772;0.24900463;0.18673457;0.127174;0.082055025
0.37262455;0.37474042;0.37251332;0.36580542;0.3537534;0.32892329;0.2878531;0.23225352;0.17149629;0.118991256
0.37382543;0.3759471;0.3736628;0.3655298;0.35105985;0.32055712;0.27082998;0.2055818;0.1403669;0.08941023
0.37595057;0.37823632;0.37617502;0.3699959;0.35887408;0.33460575;0.29211816;0.23189071;0.16549803;0.10936217
0.37250552;0.37450913;0.37231815;0.36367968;0.34835103;0.3163861;0.26505303;0.1992136;0.13533303;0.08610339
0.37169313;0.37364605;0.37081882;0.36302263;0.3480545;0.31919166;0.27216578;0.21073806;0.14827885;0.09732504
0.3740664;0.37634933;0.37423876;0.36805993;0.35739917;0.33390784;0.29435152;0.23958814;0.17741418;0.12320191
0.37401858;0.3759561;0.37403318;0.365855;0.35124406;0.32076558;0.27052575;0.20443906;0.13940956;0.08837468
0.37176114;0.37386954;0.370932;0.362746;0.34733588;0.3166691;0.2673882;0.20394611;0.14047384;0.09041728
0.3383158;0.34168077;0.3384459;0.32821494;0.30726284;0.27027464;0.2183109;0.16014522;0.108807415;0.07127473
0.35507253;0.35822958;0.3544735;0.34603047;0.32933345;0.29903796;0.25469968;0.20354557;0.15465942;0.11529297
0.3632963;0.3655383;0.3621074;0.3526843;0.33513066;0.30125475;0.24994895;0.18782283;0.12824368;0.08283427
0.37276047;0.37485647;0.37249875;0.3639953;0.34892318;0.3172365;0.26639935;0.20097157;0.13667396;0.08706723
0.3700153;0.37196225;0.36970335;0.36064154;0.34409016;0.31088984;0.25821924;0.1923558;0.13044518;0.083162546
0.32897332;0.33310434;0.329813;0.3199083;0.29970378;0.2643431;0.21592957;0.16402775;0.11694841;0.08228311
0.37619448;0.37823382;0.37679794;0.3701893;0.35789096;0.33238694;0.2866575;0.22154129;0.1536971;0.09754008
0.37578723;0.37807634;0.37599328;0.36935216;0.3573939;0.33154422;0.28681454;0.22417772;0.15709122;0.10180608
0.3356556;0.3397551;0.3357178;0.3260625;0.30711624;0.27217963;0.22452049;0.1745635;0.12873535;0.09502408
0.373338;0.37549138;0.3732431;0.36671075;0.35499057;0.3303264;0.28921503;0.23329423;0.17150655;0.118169025
0.37645522;0.37853843;0.37727886;0.37130243;0.3599047;0.33631438;0.29239735;0.22802809;0.159487;0.101537876
0.33908224;0.3424694;0.33915207;0.3290014;0.30812946;0.27102616;0.21879953;0.16052221;0.10892093;0.07124702
0.33742803;0.34083518;0.3376373;0.3273996;0.30636477;0.26932415;0.21738806;0.15935628;0.10827795;0.07096711
0.37510902;0.37683368;0.37535655;0.36809242;0.35413277;0.32626674;0.2774761;0.21097296;0.14492516;0.0910143
0.33883536;0.34245074;0.33928683;0.3294611;0.30873713;0.27150783;0.21887071;0.16052002;0.10867761;0.070904985
0.36896533;0.37147337;0.36897683;0.3617332;0.3492185;0.324646;0.28568962;0.23372188;0.17862855;0.13096441
0.3545664;0.3576802;0.3539823;0.345477;0.32866785;0.29811823;0.25340718;0.20187232;0.152642;0.11308501
0.36686122;0.36911258;0.3663223;0.3569024;0.3396896;0.30514514;0.25200802;0.18730734;0.12660526;0.081253335
0.33987954;0.34306318;0.339966;0.32963195;0.30887678;0.2724398;0.22103475;0.1626118;0.11083053;0.07269108
0.37171042;0.37361148;0.37104422;0.36362374;0.34946835;0.32219508;0.27741706;0.21820237;0.156722;0.10516016
0.36442083;0.36677277;0.36388522;0.3542806;0.33639666;0.30134994;0.24789503;0.1836344;0.12411525;0.079904824
0.35589916;0.35821187;0.3551773;0.34534442;0.32712036;0.29366612;0.24407755;0.18414956;0.12736933;0.08358233
0.37638697;0.37844947;0.37714857;0.37100118;0.35933322;0.33521503;0.290756;0.22611827;0.15776257;0.10029087
0.36210653;0.36465248;0.36124906;0.35159165;0.3336728;0.29799306;0.24466214;0.18168308;0.12256952;0.07903483
0.37174678;0.37371737;0.37151974;0.3627176;0.34698424;0.3145354;0.26267123;0.1967571;0.13353264;0.084989876
0.37595472;0.37824687;0.3761812;0.3699492;0.3587312;0.33426395;0.2914675;0.23085776;0.16429308;0.10822442
0.3723174;0.37432155;0.37196466;0.36502302;0.35212317;0.3263129;0.28366265;0.22654426;0.16532274;0.112970345
0.36999518;0.37210932;0.36901864;0.36043033;0.34425756;0.3123862;0.26205838;0.19854821;0.13606681;0.08743627
0.3305123;0.3344207;0.3319277;0.32220027;0.30144766;0.2641678;0.21242529;0.1555444;0.10554931;0.068922125
0.3705899;0.37279177;0.3698449;0.36114436;0.3452424;0.3126796;0.26149967;0.19717896;0.13414346;0.08584309
0.36030784;0.36274233;0.35918507;0.34947494;0.33152556;0.2964351;0.24428873;0.18250504;0.12390093;0.08006773
0.3557204;0.35798505;0.35520104;0.34560892;0.32802308;0.29581675;0.24787098;0.18951233;0.13347417;0.089295186
0.33910936;0.34272352;0.33966094;0.3298973;0.30921832;0.27213606;0.21952312;0.16103709;0.10907863;0.07111664
0.33081892;0.3346006;0.33182386;0.32175332;0.3005205;0.2630972;0.21131966;0.15434787;0.1048176;0.068758026
0.37578404;0.3775946;0.37630883;0.36983335;0.35697743;0.33154657;0.28500757;0.21910922;0.15176515;0.09541648
0.3767603;0.3790689;0.37755215;0.37216207;0.36258695;0.34124127;0.30180007;0.24306527;0.1759911;0.1174126
0.36960664;0.37162727;0.36926576;0.3601193;0.34352168;0.31005076;0.2573451;0.1917015;0.12989005;0.08295075
0.36729124;0.3694824;0.3662054;0.35717347;0.34023407;0.3069959;0.2556234;0.19233367;0.13111825;0.0842595
0.37561956;0.3778694;0.37570122;0.3694505;0.35813445;0.33367866;0.29126987;0.23173065;0.16610639;0.110466495
0.3656334;0.36776897;0.3652193;0.3557311;0.33772895;0.30335683;0.24989161;0.18485624;0.12531303;0.08044245
0.37382418;0.37587985;0.37342736;0.36659038;0.35379773;0.32785657;0.2843391;0.22540706;0.16224098;0.10885529
0.37552556;0.37779713;0.37554675;0.36899164;0.3570838;0.3314985;0.28748542;0.22622159;0.15998892;0.10489346
0.36720395;0.36940625;0.36683747;0.35926464;0.34519416;0.31845275;0.27620935;0.22176675;0.1658735;0.1182504
0.37037042;0.37225562;0.37007505;0.3610996;0.3446043;0.31165144;0.25902614;0.19299287;0.13097441;0.0833647
0.34263533;0.3456058;0.3426682;0.33233044;0.3120267;0.27629876;0.22548361;0.1666982;0.11402403;0.074811526
0.36908737;0.37133205;0.3682883;0.3593131;0.34292227;0.30945966;0.25753403;0.19328745;0.13108087;0.08394036
0.36964077;0.371591;0.36858678;0.36025038;0.34425363;0.3138671;0.26536486;0.20336722;0.1417553;0.09239385
0.37255922;0.37472728;0.3725853;0.36588785;0.35412842;0.3298223;0.28969866;0.23496848;0.17496938;0.122838594
0.36196902;0.36451328;0.36105528;0.3514021;0.33351636;0.29786178;0.24464665;0.18183102;0.122707635;0.079124086
0.3495379;0.35269004;0.3491048;0.3391881;0.31941873;0.2824548;0.22912319;0.16881067;0.11394681;0.07409368
0.3383111;0.341901;0.33866858;0.32875478;0.30794445;0.27063483;0.21806464;0.15987049;0.10825946;0.07069308
0.35859904;0.3612693;0.3576555;0.3478303;0.32957387;0.29343662;0.24028651;0.17843667;0.12042612;0.077876166
0.3535626;0.35637894;0.35275605;0.34281376;0.32387924;0.2874189;0.23450547;0.17373902;0.11743045;0.07612558
0.3730831;0.3753828;0.3734401;0.36692244;0.3560662;0.3332885;0.2953807;0.24221915;0.18293804;0.13073124
0.36120105;0.3637877;0.36047462;0.3507437;0.33253378;0.29669186;0.24313605;0.18009508;0.12148462;0.07843983
0.35381863;0.35614416;0.3534039;0.34359273;0.32541275;0.29263362;0.24411952;0.18524115;0.12950318;0.08598867
0.35209233;0.35512874;0.35181138;0.3419485;0.32212007;0.2857064;0.23224801;0.17093836;0.11559471;0.075139344
0.36575037;0.3681183;0.36498952;0.35556266;0.3382704;0.3033942;0.25032228;0.18633957;0.12584248;0.080843195
0.3668188;0.36924765;0.36653018;0.35899985;0.34528416;0.3189637;0.2778012;0.22484776;0.17022087;0.123643845
0.37703678;0.37932953;0.37807757;0.3728659;0.36345738;0.34275016;0.30335355;0.24345231;0.17535366;0.11577428
0.3770086;0.37930363;0.37800825;0.3728007;0.36344293;0.34277478;0.3036193;0.24423069;0.17643811;0.11698973
0.3605252;0.36330557;0.35996646;0.3519007;0.33640388;0.30772513;0.26457733;0.21251258;0.16115911;0.11864843
0.37621596;0.3785149;0.3766025;0.37066492;0.36004445;0.33663914;0.29509193;0.23539178;0.16880536;0.111952946
0.3769657;0.37926447;0.3779191;0.37267128;0.36327624;0.34246862;0.30328125;0.24408184;0.17646581;0.11721403
0.37205726;0.37405828;0.37172046;0.3647521;0.35182706;0.3260313;0.2835074;0.22663683;0.16575167;0.11361575
0.37179238;0.37391862;0.3714035;0.3627043;0.34721923;0.31483185;0.26344904;0.19819413;0.13454762;0.08582102
0.33244747;0.33623835;0.33342493;0.32352737;0.30254337;0.26516187;0.21316351;0.15596649;0.10579969;0.0692009
0.35537374;0.3576627;0.35487875;0.34530598;0.32775313;0.29557028;0.2477189;0.18958403;0.13370198;0.08961679
0.37625474;0.37831014;0.3768896;0.37036493;0.35821795;0.33297828;0.28753722;0.22256087;0.15459512;0.09819354
0.3658544;0.368609;0.3656473;0.358067;0.34463632;0.31880865;0.27905983;0.22808677;0.17540553;0.1305438
0.3752541;0.37749735;0.37515408;0.36849037;0.35630172;0.33038327;0.2861132;0.22497752;0.15917498;0.104515396
0.3489736;0.35151008;0.3488932;0.33885372;0.31985053;0.28633958;0.23741387;0.17869231;0.12424129;0.08222245
0.3605156;0.3627715;0.3594;0.34978753;0.3319924;0.29819494;0.24751593;0.18633875;0.12780604;0.08301664
0.36816293;0.37076876;0.36814788;0.36081752;0.34814718;0.32345492;0.28463382;0.23321313;0.17900042;0.13221158
0.36221084;0.36459342;0.36165646;0.3535722;0.33811295;0.30938947;0.26534647;0.21108638;0.15712453;0.11218861
0.36590552;0.3679738;0.36539987;0.35753405;0.34267887;0.31485268;0.27106306;0.21528894;0.15886457;0.11128312
0.37085512;0.37304276;0.3700837;0.3614817;0.34566957;0.31345415;0.26261926;0.1984396;0.13526867;0.08661359
0.3534167;0.35624778;0.35262328;0.3426806;0.32371804;0.28721958;0.23427147;0.1735177;0.11726019;0.07602199
0.36415762;0.36653575;0.36359385;0.35398087;0.33607936;0.3009429;0.2474724;0.18333611;0.12387551;0.079769365
0.37258777;0.37480956;0.37273246;0.3660544;0.35456732;0.33076182;0.29147375;0.23743469;0.17798574;0.12610054
0.35413128;0.3570802;0.35366297;0.34377688;0.3244237;0.28789863;0.23432407;0.17277439;0.11663537;0.07572628
0.36231673;0.36471733;0.36176717;0.35371092;0.33830354;0.30967107;0.26576698;0.21166188;0.15782206;0.1129479
0.34262544;0.34556052;0.34274197;0.33237818;0.31210312;0.2766435;0.22614409;0.16737337;0.11471479;0.0753766
0.37169397;0.3739155;0.37176645;0.3648823;0.35293332;0.32872444;0.2891694;0.23526779;0.17684221;0.12599908
0.3725698;0.37474686;0.37206113;0.363751;0.3486935;0.3174179;0.2672639;0.20268238;0.13836512;0.08843065
0.37554127;0.37774873;0.37573987;0.3686037;0.3558013;0.32851225;0.28191942;0.21763963;0.15065123;0.09646132
0.36601382;0.36806527;0.36484015;0.3558336;0.33877513;0.30653566;0.25654924;0.1944353;0.13407299;0.086882785
0.33538562;0.33895305;0.3360608;0.3261255;0.30635774;0.27185935;0.22351882;0.1692523;0.11936716;0.081773974
0.35151842;0.35451326;0.3510669;0.34205505;0.32504666;0.29310542;0.24688493;0.19385953;0.14277148;0.10249126
0.36574712;0.3681367;0.36535674;0.3576945;0.3434471;0.31645676;0.27441502;0.22100954;0.16656151;0.120387845
0.36151874;0.36387005;0.3609481;0.3527378;0.33706266;0.30794376;0.2634089;0.20873499;0.15452665;0.10959599
0.33916953;0.34280178;0.3393336;0.32968703;0.3111061;0.276882;0.22923443;0.17700899;0.12812784;0.09127126
0.3501644;0.35349765;0.34966338;0.34082472;0.32333243;0.29152733;0.24582596;0.1945338;0.14625731;0.10833923
0.3579094;0.36037531;0.35684705;0.34702072;0.3287972;0.2936676;0.24184877;0.18069495;0.122926965;0.07963625
0.37634078;0.37845317;0.37699175;0.3705029;0.35856634;0.3334783;0.2884046;0.22376691;0.15568298;0.0991873
0.33110905;0.33490553;0.33213633;0.3221345;0.300993;0.2635748;0.21173884;0.15474027;0.10504542;0.06883313
0.34648135;0.34979078;0.34630147;0.33641618;0.3161949;0.27916744;0.22595021;0.16613504;0.1122545;0.073100105
0.35325217;0.35577396;0.35285223;0.3434786;0.32626453;0.29420313;0.24703811;0.19084021;0.13637291;0.093288176
0.36970758;0.37186813;0.36922213;0.36013582;0.34384122;0.3102657;0.25787494;0.19276682;0.13047905;0.08342343
0.36080375;0.36336407;0.35980302;0.3500916;0.3321339;0.29642212;0.2434305;0.18112251;0.122339696;0.078967385
0.35726443;0.35955143;0.35641694;0.34663934;0.32855672;0.29505163;0.24523054;0.18500139;0.12771522;0.08360214
0.3531943;0.35554665;0.35282627;0.34299514;0.3247325;0.29189286;0.2433705;0.1845666;0.129006;0.0856651
0.37130636;0.37343988;0.37088314;0.36208263;0.346396;0.31368387;0.2620257;0.19680305;0.13348652;0.08518738
0.37327865;0.37543923;0.37294143;0.36474407;0.35003003;0.31918713;0.26930508;0.20442493;0.1395883;0.08907727
0.3428224;0.34582722;0.34315816;0.33325294;0.31413922;0.2804953;0.23224309;0.17595582;0.123553395;0.083284155
0.3769192;0.37921113;0.37791333;0.3724082;0.362433;0.3406108;0.29960743;0.23796622;0.16931443;0.11027601
0.37609497;0.37822908;0.37658408;0.36972195;0.3573256;0.3310878;0.28511208;0.22034594;0.15271226;0.097360834
0.35709998;0.3595158;0.35610384;0.3462619;0.32798338;0.2933102;0.24213286;0.18135612;0.123909146;0.0804892
0.3347733;0.33854353;0.3358465;0.32617307;0.3055029;0.26843622;0.21630988;0.15861173;0.10757993;0.07012536
0.3756349;0.37790862;0.37578994;0.36898714;0.3567238;0.33035406;0.2850156;0.22195795;0.15496999;0.10011281
0.3707046;0.37267852;0.3704192;0.36143595;0.34523633;0.3122516;0.2598909;0.19404645;0.13157994;0.08386082
0.34728676;0.35025832;0.34677356;0.33669263;0.3169047;0.28037566;0.22806542;0.16850285;0.114291206;0.07437775
0.3692792;0.37146637;0.36874747;0.3596197;0.34320414;0.30945218;0.25696498;0.19199687;0.12991236;0.08311017
0.37552768;0.3779271;0.37614715;0.37071812;0.36163628;0.34033722;0.3028136;0.2486597;0.18465781;0.12781456
0.35447264;0.35740817;0.3539373;0.34404567;0.32484168;0.2882469;0.23466772;0.17315347;0.11682044;0.07581792
0.37695396;0.37925914;0.37789252;0.3724697;0.36274683;0.34127313;0.30107835;0.24066693;0.17255397;0.11354835
0.37551785;0.37776455;0.37562472;0.36949316;0.35845736;0.33447593;0.29288948;0.23443209;0.1693345;0.11362599
0.34305626;0.34638792;0.3428902;0.33288336;0.31239587;0.27525634;0.22247995;0.1634981;0.11065166;0.07215775
0.34106475;0.34408984;0.3415678;0.33147654;0.31178978;0.2777794;0.22911772;0.17216755;0.119949065;0.080078416
0.35156804;0.35421395;0.35124215;0.34182686;0.32446897;0.29215595;0.24495463;0.18923542;0.13539831;0.09301408
0.35531306;0.35820702;0.3547461;0.34485492;0.32577255;0.28923455;0.23563197;0.1739371;0.11733514;0.07612332
0.37555435;0.3779025;0.37599587;0.37034908;0.36066622;0.33848083;0.29963812;0.24411471;0.17973523;0.12324113
0.36796173;0.36981484;0.3672136;0.3591857;0.34395412;0.31541908;0.2698765;0.21122526;0.15191817;0.10256556
0.3236275;0.3282413;0.32455564;0.31465816;0.29404747;0.25786453;0.20930436;0.15946048;0.11505586;0.08318316
0.36955282;0.371717;0.36859557;0.35986447;0.34355918;0.31110215;0.26021934;0.1965155;0.13416879;0.086093165
0.3748142;0.37658253;0.37498587;0.36738557;0.35316876;0.32434395;0.27493298;0.20845951;0.14279999;0.089911014
0.37495983;0.3771388;0.37478444;0.36822674;0.35616273;0.33077866;0.28750595;0.22787791;0.16312316;0.10855656
0.37175402;0.37412477;0.37206045;0.3652439;0.35386804;0.3308413;0.2931353;0.24070337;0.18336903;0.13297834
0.3752492;0.37750912;0.3751662;0.36839274;0.35602927;0.32970518;0.28483483;0.22299735;0.15689322;0.10240146
0.36873224;0.37088144;0.3676974;0.3588754;0.3423034;0.3096959;0.25877252;0.19530533;0.13343349;0.085711144
0.37588438;0.37821388;0.37634802;0.37072328;0.36095375;0.33878157;0.2995506;0.24307588;0.17801052;0.12110201
0.37410766;0.3762792;0.37390435;0.36601502;0.35182276;0.32202053;0.27308306;0.2083198;0.14278403;0.09115572
0.34868965;0.35189217;0.34859398;0.33876052;0.31856632;0.28198722;0.22870703;0.16813327;0.113768265;0.074031375
0.37582377;0.3776645;0.3763372;0.36973205;0.35683224;0.3310837;0.28439754;0.2185087;0.1511934;0.09516755
0.3692099;0.37145093;0.36903745;0.3617497;0.34863776;0.323092;0.28226653;0.22836947;0.1717694;0.12305766
0.34972253;0.35269994;0.34938833;0.34011146;0.32290283;0.29038998;0.24360977;0.1899193;0.13813598;0.097669646
0.3312152;0.33502194;0.33214274;0.32211196;0.30171138;0.26672077;0.21811423;0.16421884;0.1153018;0.07883952
0.36781234;0.370068;0.36719245;0.35791197;0.34107712;0.30678508;0.253956;0.18933395;0.12798133;0.082026966
0.36959428;0.37181666;0.36893383;0.35994625;0.34370434;0.31023523;0.25815442;0.19352335;0.1310989;0.08386755
0.3587837;0.36131543;0.3582054;0.34978443;0.3336576;0.30373797;0.25870845;0.20457575;0.15145832;0.10798023
0.37192777;0.37429503;0.37226117;0.36548018;0.3541987;0.33131212;0.2937396;0.24131903;0.18385424;0.13328081
0.3746457;0.37678844;0.37439334;0.3677576;0.35548323;0.3299338;0.28660426;0.22723426;0.16297264;0.1087621
0.3213709;0.3259759;0.32259938;0.31261364;0.29153207;0.2552604;0.20645124;0.1557701;0.11078337;0.07841735
0.37681183;0.37905148;0.37782216;0.37228566;0.36201787;0.33998793;0.2983138;0.23572685;0.16683033;0.1077391
0.3327561;0.336514;0.33363834;0.32368618;0.30263862;0.2652457;0.21322712;0.1559762;0.10581662;0.06925133
0.37670165;0.37898964;0.37748232;0.37152085;0.36083072;0.33746132;0.2948863;0.23239101;0.16399238;0.106242366
0.37200448;0.37412795;0.37163278;0.3629807;0.3475873;0.31535286;0.26410058;0.19883358;0.13503902;0.086116426
0.3686599;0.3707992;0.36822855;0.3589618;0.3422038;0.30825713;0.25543183;0.19022253;0.12871556;0.08240124
0.35688263;0.35969907;0.35623085;0.346353;0.32755145;0.29110593;0.23749146;0.1755158;0.11835356;0.07670553
0.3642944;0.36707577;0.36394438;0.35621068;0.34214896;0.315358;0.27453262;0.22334528;0.17122538;0.12727544
0.36995354;0.3721729;0.36925867;0.3603679;0.34425077;0.3110671;0.2592756;0.19474563;0.1320871;0.084494315
0.3740459;0.3763943;0.3745014;0.36838615;0.3582849;0.33607197;0.298481;0.2452713;0.18433933;0.13046211
0.35188624;0.35473138;0.35113764;0.3411613;0.3220074;0.28554797;0.23282588;0.17241302;0.11666414;0.07569042
0.37205577;0.37418592;0.37202308;0.3651793;0.3530494;0.3284273;0.28797713;0.23310706;0.17362376;0.12204059
0.36408418;0.36623618;0.36289185;0.35360315;0.33621466;0.30305246;0.25240907;0.19042505;0.1306515;0.08455576
0.37092102;0.37309045;0.3704038;0.36158463;0.3457834;0.3129223;0.26123464;0.19625261;0.13310482;0.085010655
0.36592358;0.36828962;0.36509314;0.3557158;0.33850554;0.30374777;0.25085256;0.18700553;0.12635462;0.08114933
0.36953363;0.3717179;0.3690003;0.3599149;0.34359264;0.30995554;0.2575732;0.19259991;0.13035266;0.08336661
0.37149286;0.373389;0.37126407;0.36244935;0.34648934;0.31400964;0.26188707;0.19579221;0.13292368;0.08450689
0.36933154;0.37144488;0.36892563;0.35973856;0.34320265;0.3094996;0.2568508;0.1915218;0.12963992;0.08291057
0.35668874;0.35950527;0.35612997;0.3462512;0.32726908;0.29093078;0.23729065;0.17517488;0.11821801;0.07665366
0.37515658;0.3770457;0.3754004;0.36783648;0.35395563;0.3254161;0.27662304;0.21044715;0.144285;0.09111858
0.37541288;0.37721878;0.37574267;0.36856306;0.35492128;0.3274464;0.27923965;0.2129511;0.14645939;0.09215886
0.3559479;0.35875428;0.35512042;0.3452223;0.3265669;0.29005182;0.23676953;0.17540465;0.11831608;0.076647304
0.3744068;0.37654942;0.3740183;0.36706567;0.35409403;0.32740453;0.28252363;0.22167648;0.15707336;0.10351339
0.35330614;0.3558637;0.35252953;0.34255153;0.32375634;0.28862855;0.23737532;0.17713308;0.12092565;0.07865764
0.36673036;0.3692717;0.36649203;0.35897627;0.34547567;0.31943825;0.27889964;0.2266732;0.17260893;0.12648393
0.3441479;0.3472726;0.34382492;0.33369723;0.3134266;0.27667966;0.22440226;0.1653332;0.11217291;0.07315783
0.37414908;0.37642232;0.37428817;0.36811125;0.3573862;0.33376476;0.2939439;0.23888452;0.17645058;0.12211311
0.35225698;0.35499164;0.3514698;0.34147894;0.32244655;0.28639978;0.23416413;0.17382659;0.11794034;0.07653982
0.35860527;0.36098674;0.35803095;0.34935766;0.3331397;0.3027429;0.25699753;0.20166194;0.14718792;0.102880545
0.3452059;0.3485231;0.34552768;0.33579203;0.31527326;0.27891904;0.22603709;0.16598861;0.11261529;0.07328635
0.36415887;0.36643815;0.3630041;0.35362577;0.3361315;0.30199584;0.2502051;0.18758856;0.12764661;0.082234785
0.34088475;0.34442642;0.34116963;0.33133766;0.3107;0.2735367;0.22072445;0.16197015;0.10960968;0.071479246
0.37634602;0.37866005;0.37691396;0.37135082;0.36153862;0.33953595;0.29988232;0.242016;0.17588043;0.118259154
0.35902077;0.36127016;0.35803685;0.3483536;0.3304617;0.29697186;0.24691156;0.18629968;0.1283801;0.08380163
0.3733427;0.37550616;0.37300688;0.3648406;0.35016713;0.31942213;0.26963905;0.2047974;0.13990633;0.08929479
0.36105564;0.36356923;0.36057305;0.35080707;0.3321569;0.2966787;0.24306844;0.1795037;0.121399;0.07845569
0.363844;0.36611244;0.36267325;0.3532765;0.3357519;0.30168214;0.25003272;0.18757796;0.12776722;0.08237579
0.3451132;0.34848407;0.34520483;0.33539262;0.31496075;0.27813247;0.22505204;0.16530637;0.111869216;0.07286057
0.3519473;0.35508588;0.35143545;0.34265447;0.32549092;0.2940049;0.24835506;0.19633086;0.1467937;0.10753754
0.3456245;0.3484682;0.345417;0.33518162;0.3153185;0.27974582;0.22881055;0.16964886;0.11598152;0.075885
0.36542067;0.36731294;0.36470255;0.35632932;0.34061417;0.31139612;0.26553392;0.20727263;0.14909956;0.10102806
0.37352464;0.3757017;0.37317473;0.3651309;0.35059187;0.32022598;0.2708471;0.20622092;0.14117324;0.09019947
0.37566993;0.3779865;0.37603518;0.37028703;0.36026838;0.33767027;0.29806578;0.24155709;0.17678265;0.1203266
0.3713612;0.37331572;0.37095445;0.36380634;0.35044885;0.32423303;0.2812615;0.22418319;0.1637812;0.11220822
0.3693556;0.37121445;0.3686793;0.3609469;0.34625262;0.31843382;0.27355972;0.21517119;0.15536012;0.105173446
0.37569237;0.377854;0.3759881;0.36880714;0.35595194;0.32865003;0.28185537;0.21711056;0.14999646;0.095737256
0.3728814;0.37503022;0.37222394;0.36433208;0.34958187;0.319745;0.271202;0.20778646;0.14349693;0.09244084
0.37434766;0.37610888;0.37442607;0.36656728;0.35200855;0.3223666;0.27227357;0.20576543;0.1406468;0.08865669
0.36552438;0.3677327;0.36509228;0.35555875;0.33769834;0.30311725;0.2497019;0.1848702;0.12517253;0.080440596
0.36514348;0.36730307;0.36463943;0.35675812;0.34184274;0.31393373;0.27028626;0.21509096;0.15941012;0.11251521
0.37692526;0.37920555;0.37797073;0.37256098;0.3626661;0.34113815;0.30031204;0.23861773;0.16984832;0.11050819
0.36234742;0.36530083;0.3619097;0.354014;0.3394619;0.31200814;0.27078754;0.2202185;0.16943115;0.12704676
0.36538258;0.36730564;0.3644315;0.35571316;0.3393778;0.30895135;0.26150253;0.20168374;0.14261134;0.094863184
0.3722439;0.3742358;0.37204215;0.36334223;0.34787175;0.31572357;0.2641934;0.19832326;0.13467236;0.085693344
0.3752716;0.37718895;0.37553954;0.36801952;0.3542584;0.32588825;0.2773263;0.21124402;0.14491823;0.09158168
0.31659594;0.32156685;0.31797862;0.30799407;0.28653744;0.24961703;0.2006404;0.15136099;0.10828534;0.07791878
0.36499548;0.3670364;0.36384943;0.35476658;0.33767554;0.30557293;0.25601172;0.1944656;0.13461602;0.08765528
0.36821237;0.3701724;0.367102;0.35850248;0.3420554;0.3110551;0.26210642;0.20016153;0.13915972;0.09061766
0.36994147;0.3718307;0.36897793;0.36089033;0.3453813;0.31605113;0.26888463;0.20799652;0.14677125;0.0968302
0.3679578;0.37056366;0.36791247;0.36055553;0.34778243;0.32291147;0.2838858;0.23240453;0.17825443;0.13160005
0.3758968;0.37826088;0.3764969;0.37105706;0.3617762;0.34032428;0.30213562;0.24671787;0.18190594;0.12466291
0.37621912;0.378581;0.3769626;0.37170002;0.36270177;0.34190154;0.30418742;0.24862202;0.18333405;0.12536275
0.34406868;0.3468867;0.34436917;0.33427623;0.31481805;0.28100535;0.23224302;0.17451833;0.121441536;0.080726266
0.37613234;0.37829176;0.37662727;0.3698202;0.35755387;0.33148056;0.28575388;0.22119546;0.15349592;0.09801341
0.34282577;0.34577385;0.3428762;0.3325335;0.31226993;0.27665687;0.22596008;0.16715536;0.11442141;0.07510227
0.34656647;0.34987783;0.34642917;0.3365606;0.31631446;0.27934605;0.22612195;0.16623127;0.1123469;0.07315826
0.35054204;0.35364008;0.35040268;0.34056562;0.3204785;0.28413147;0.23079568;0.1697183;0.114899315;0.074726865
0.33580106;0.33951023;0.33649594;0.32665446;0.3058149;0.2684939;0.21614048;0.15836819;0.10730246;0.070073254
0.37559858;0.37775782;0.3758593;0.36860943;0.35563713;0.32810798;0.2811041;0.21631053;0.14931096;0.09527718
0.37191054;0.3739661;0.37173852;0.3648249;0.35228258;0.32709408;0.28568614;0.22996742;0.16999498;0.11824529
0.376269;0.37829238;0.37695536;0.3706154;0.35859394;0.3338644;0.2887239;0.22373208;0.15563786;0.0987184
0.37185895;0.3739968;0.37144837;0.3627875;0.34734666;0.31504655;0.2637766;0.19860497;0.13487983;0.086044885
0.33858764;0.34217802;0.3389413;0.32904258;0.30825782;0.27095503;0.21834968;0.1601003;0.108398035;0.07076988
0.33488148;0.33857405;0.33548492;0.32563072;0.30606103;0.27147168;0.22328852;0.16995807;0.12080189;0.08388591
0.37697855;0.37928176;0.37795758;0.37256527;0.3628725;0.3415011;0.30131793;0.24073945;0.17247972;0.11332254
0.37563232;0.37788668;0.3757028;0.3693905;0.35794964;0.3332578;0.29048485;0.23051065;0.16469583;0.10913447
0.37433657;0.37651506;0.37424746;0.36785978;0.3563401;0.33180127;0.29031366;0.23329422;0.17010164;0.11580986
0.3395312;0.34296194;0.33960518;0.32953602;0.30871928;0.27151763;0.21906894;0.16070957;0.108925804;0.071177736
0.37698874;0.379289;0.37796134;0.37262994;0.36305454;0.34191868;0.30212158;0.24204278;0.17400056;0.11477565
0.36002016;0.36264443;0.35908085;0.34931794;0.33122182;0.2952461;0.24203995;0.1797985;0.12131841;0.07837017
0.3404533;0.3439923;0.34109235;0.33140308;0.31078434;0.27407914;0.22150883;0.16257352;0.110270396;0.07180296
0.3754869;0.377771;0.37572047;0.36979845;0.35934958;0.33614674;0.2958142;0.23879553;0.17414843;0.11816348
0.36073902;0.36288232;0.36011496;0.35138053;0.33524108;0.305015;0.25895077;0.20213327;0.14596501;0.1001599
0.37338805;0.37557298;0.3729242;0.36498106;0.3504282;0.32035652;0.27138627;0.20723575;0.14233768;0.09120068
0.37481827;0.37700734;0.3745548;0.3677468;0.35515788;0.32885212;0.28431088;0.22342442;0.15830629;0.10423426
0.36149293;0.3635218;0.3606959;0.3515663;0.33484417;0.30373776;0.2562892;0.19737919;0.13976301;0.093575135
0.37385014;0.37613916;0.37406462;0.36783373;0.35717842;0.33384132;0.29466426;0.2403331;0.17874722;0.12491244
0.37518543;0.37743533;0.37517098;0.36807266;0.35521466;0.32786527;0.2815339;0.21810624;0.1515859;0.09766879
0.35889694;0.36160666;0.35821325;0.34838396;0.3298349;0.29364341;0.24001965;0.17753065;0.11972853;0.0774831
0.37500754;0.37719607;0.37482718;0.3682226;0.3560678;0.33048403;0.2868843;0.22683926;0.1618551;0.10732101
0.37524816;0.37762335;0.37571472;0.3700791;0.36055735;0.33850753;0.3001989;0.2456563;0.18190834;0.12571737
0.34847748;0.35104322;0.34837237;0.3382432;0.31899753;0.28505713;0.2356697;0.1766021;0.122221716;0.0805547
0.37585673;0.3781327;0.37610582;0.37013164;0.3594454;0.33596492;0.2947747;0.23620942;0.17058545;0.11426105
0.3463651;0.34950057;0.34593245;0.33590594;0.3158614;0.27894726;0.22617362;0.16666037;0.11278347;0.07341657
0.34582266;0.3489035;0.34576264;0.33620965;0.3182905;0.28510112;0.23769815;0.18345794;0.13173805;0.09176545
0.3668003;0.3690663;0.36576596;0.35661548;0.33959815;0.3057739;0.25385478;0.19041528;0.12933725;0.08305675
0.33900934;0.34223107;0.3395966;0.32957926;0.30989283;0.27577734;0.22730057;0.1713533;0.11989344;0.080731586
0.3514826;0.3539575;0.35107836;0.3410542;0.32218218;0.28822693;0.2385267;0.17901507;0.12360969;0.08116704
0.3389092;0.34253082;0.33948547;0.3297268;0.30904505;0.27196544;0.21937434;0.16092348;0.10900989;0.07107112
0.37082264;0.3729804;0.3699738;0.36145386;0.34561035;0.31375527;0.26332358;0.19944565;0.1363719;0.08745851
0.34211692;0.3454968;0.34203458;0.3320348;0.3114536;0.27427104;0.22152703;0.1627025;0.11012785;0.07184579
0.3343578;0.33814242;0.33537713;0.32565293;0.30491966;0.26772368;0.21557537;0.15800333;0.1071282;0.06988673
0.36598435;0.36794436;0.36490718;0.35607824;0.33941612;0.30829576;0.2597721;0.19880666;0.13897401;0.09126658
0.37641966;0.37860686;0.37706992;0.37063545;0.35897473;0.3340805;0.28951398;0.22543079;0.15726762;0.100681365
0.37146094;0.37334633;0.37123042;0.3624173;0.34642664;0.31394953;0.26179492;0.19567695;0.13285564;0.08444814
0.37357485;0.37564826;0.37298107;0.36570582;0.35194355;0.32434964;0.27851582;0.2172954;0.1534041;0.10083096
0.37556925;0.37759948;0.3758874;0.36849338;0.35513887;0.327243;0.2794566;0.21383354;0.14703791;0.09325786
0.3732126;0.37521547;0.37276193;0.36580318;0.3527227;0.32660455;0.2830693;0.22447725;0.16204314;0.10917023
0.37603325;0.37800953;0.37657484;0.3698246;0.35716963;0.33118397;0.28480566;0.21931303;0.15176517;0.096038446
0.36300936;0.36553234;0.3625025;0.35459548;0.3395719;0.31153247;0.26857787;0.21546769;0.16233405;0.11783391
0.32811195;0.33209303;0.32980475;0.32006928;0.2993179;0.26201668;0.21055181;0.15406354;0.10461286;0.06836058
0.3585015;0.36158898;0.357915;0.34973073;0.3339425;0.30489764;0.26197153;0.2112634;0.16183516;0.12138364
0.35480314;0.35776913;0.35423708;0.34567145;0.32892078;0.298214;0.2530901;0.20072702;0.15039079;0.10990517
0.3473286;0.35060763;0.34718215;0.33732182;0.31711867;0.28023618;0.22697245;0.16687539;0.11279507;0.073431954
0.3561032;0.3583528;0.35548225;0.34572825;0.32774308;0.29496163;0.24616955;0.18675318;0.13020186;0.08609676
0.33793205;0.34145045;0.33817956;0.3281378;0.3072179;0.26993817;0.21753986;0.15944025;0.10807328;0.07065507
0.3682839;0.37079072;0.36820036;0.36086503;0.34800598;0.32289267;0.28331992;0.23117732;0.17634216;0.12913767
0.36868578;0.3706209;0.3683209;0.35913867;0.3419807;0.30845338;0.25535953;0.18958567;0.12862016;0.08208759
0.37148783;0.373442;0.3712498;0.36240372;0.34652698;0.31395203;0.2619218;0.19597524;0.13298193;0.08464194
0.37405628;0.37604308;0.37405938;0.36588147;0.3513493;0.32088086;0.2707973;0.20487048;0.13972166;0.08867796
0.37528327;0.3774088;0.37545928;0.36793813;0.35450873;0.32613954;0.278277;0.2131244;0.14653507;0.09331406
0.36572266;0.36761123;0.36502942;0.35673907;0.34115118;0.3121551;0.2665284;0.20843673;0.1502896;0.10207533
0.36804697;0.3701736;0.36763203;0.3582965;0.34126058;0.30718574;0.2541693;0.18893872;0.12787893;0.08191422
0.3703138;0.37252527;0.36961037;0.36080506;0.34481093;0.31189892;0.26036054;0.19587745;0.13300274;0.085074805
0.35402453;0.3569412;0.35372233;0.34385517;0.32416344;0.28802183;0.23452784;0.17266573;0.11684193;0.075902164
0.37604886;0.37833977;0.37639847;0.37054086;0.36010486;0.33702394;0.29619533;0.23767136;0.171773;0.11502968
0.3717588;0.37403652;0.37191543;0.36506528;0.35335377;0.32954663;0.29063505;0.23726062;0.17916556;0.12844929
0.35421333;0.3570795;0.354002;0.344149;0.32429275;0.28845388;0.23504496;0.1729353;0.117228895;0.07615405
0.3666259;0.36849207;0.3658986;0.3576923;0.34220648;0.31334186;0.26767138;0.20926681;0.1506116;0.101939075
0.37304094;0.37504524;0.3723636;0.3649956;0.3509538;0.32327935;0.27749163;0.2166285;0.1534238;0.10122816
0.3617132;0.36377403;0.36105478;0.35231802;0.33618578;0.30604568;0.25984994;0.20245092;0.14567357;0.09933122
0.36785918;0.37007055;0.36733925;0.35801443;0.34109566;0.306836;0.25389495;0.18901326;0.1277986;0.08191062
0.3606507;0.3634563;0.3600983;0.35204983;0.33662543;0.3080485;0.26508048;0.21320167;0.16197844;0.119552985
0.36411634;0.36682126;0.36372256;0.3559652;0.34167954;0.31458208;0.27319717;0.22148201;0.16903736;0.12486879
0.37644362;0.37853342;0.37722602;0.37111497;0.35958076;0.3356028;0.29138342;0.22692885;0.15849407;0.10091596
0.3444171;0.34740046;0.34458166;0.33482933;0.31622726;0.28285444;0.23493983;0.17926261;0.12684014;0.08635696
0.35027254;0.35296595;0.34966955;0.3395999;0.32036823;0.28483722;0.23344843;0.17360236;0.11838726;0.07708745
0.34880066;0.35173455;0.34820163;0.3381607;0.3185774;0.28204456;0.22956531;0.16972785;0.11501221;0.07476002
0.37557575;0.37736124;0.3759755;0.36908358;0.35570186;0.3290443;0.28142536;0.21520507;0.14839965;0.09325879
0.36574522;0.3677428;0.3651934;0.35720128;0.34211192;0.3139237;0.26955453;0.2130658;0.15611123;0.108292565
0.3754274;0.37766278;0.375404;0.3689712;0.35725;0.3321654;0.28899315;0.22888096;0.16330114;0.108131714
0.37625778;0.37856373;0.3767444;0.37106255;0.36099628;0.3385495;0.2983738;0.2401349;0.17401296;0.116709985
0.37606493;0.37803274;0.37663534;0.36998853;0.3574326;0.3317402;0.2855743;0.22011627;0.15247363;0.09645383
0.35849124;0.3606333;0.3577963;0.34832135;0.33100754;0.29909152;0.25110525;0.19217451;0.1352719;0.09024415
0.3481046;0.35120612;0.34760392;0.3376171;0.31779483;0.28087956;0.22790845;0.16804929;0.11360006;0.07387525
0.37270176;0.37490776;0.37281108;0.3661627;0.35465202;0.33070877;0.29113728;0.23682901;0.17700382;0.12486354
0.31789032;0.32223463;0.3213962;0.31193748;0.29199207;0.2550948;0.2052453;0.15027352;0.10235672;0.066771284
0.3632692;0.36573213;0.36229035;0.3527473;0.33509383;0.2998551;0.246942;0.18396832;0.12431711;0.08005025
0.37070993;0.37258527;0.36986923;0.36207122;0.34713122;0.31874448;0.27267003;0.21254691;0.15128691;0.10063607
0.35997593;0.3623166;0.35884708;0.3491571;0.33122468;0.29678681;0.24545386;0.1840915;0.12566367;0.08142324
0.343787;0.34684443;0.3439605;0.33423436;0.31566352;0.28222764;0.23438245;0.1791356;0.12708661;0.08696038
0.34211615;0.34560436;0.34225652;0.33239564;0.3118228;0.27465355;0.22173704;0.16277626;0.11010597;0.07179328
0.34282517;0.34568673;0.34320483;0.33300734;0.31323647;0.2791389;0.23013969;0.1722351;0.11950457;0.07926488
0.36151597;0.36407086;0.3608551;0.3511286;0.33286712;0.29714248;0.24355301;0.18027966;0.12166901;0.07855114
0.3744123;0.37662086;0.37419334;0.3666154;0.3528431;0.3239638;0.27606016;0.21197423;0.14617172;0.09372403
0.36707312;0.36919647;0.36666214;0.35724968;0.33980674;0.30557796;0.2523371;0.18715557;0.12674026;0.08125802
0.3730716;0.37503797;0.37295657;0.364466;0.3493702;0.3178892;0.26687455;0.2008944;0.13663773;0.08680319
0.37451583;0.37622878;0.3746216;0.36693612;0.3524711;0.32329157;0.27341977;0.20682946;0.14156334;0.08905564
0.37699494;0.37929213;0.37803426;0.37269726;0.36303893;0.3418342;0.30165172;0.24079093;0.17230417;0.11289773
0.332596;0.3363711;0.33352667;0.32360256;0.30258685;0.26519856;0.21318892;0.15596613;0.105803914;0.0692229
0.373291;0.3755963;0.37367502;0.36722648;0.35651737;0.333884;0.2960908;0.2429388;0.18338755;0.1308809
0.37255183;0.37454215;0.3723759;0.36374822;0.3484237;0.31650102;0.26516733;0.19928111;0.13539355;0.086115286
0.36856356;0.37044832;0.36756814;0.35924932;0.34337446;0.31359825;0.26620263;0.20553717;0.14501108;0.09582463
0.3720883;0.3739074;0.37190115;0.36325988;0.3474812;0.31548876;0.2635706;0.19726275;0.13409148;0.08503136
0.37132186;0.3735027;0.37076363;0.3620823;0.34645778;0.31398416;0.26270887;0.19790669;0.13444935;0.08588365
0.36860445;0.37080672;0.3676204;0.35871643;0.34213752;0.30909458;0.25773084;0.19405001;0.13215056;0.08478728
0.3681517;0.37005895;0.36764178;0.3599142;0.34536502;0.3179327;0.27403167;0.21708612;0.15886971;0.109599456
0.35801503;0.360833;0.35742295;0.34912625;0.33296368;0.30327588;0.25901133;0.20655188;0.15549114;0.11374447
0.36007798;0.36245364;0.35949782;0.35109;0.33511913;0.3053989;0.26029104;0.2053838;0.15120015;0.10666724
0.37011042;0.37209097;0.36907494;0.36075318;0.34479883;0.3142631;0.26545691;0.20303401;0.14100431;0.09153258
0.37238306;0.3745327;0.37197644;0.36348128;0.34829548;0.31648967;0.2657064;0.20066279;0.13652565;0.087097004
0.37003836;0.37203476;0.36971903;0.36063465;0.34417993;0.31089637;0.25830698;0.1925677;0.13051851;0.08328016
0.37618327;0.37847993;0.37658557;0.37075487;0.36036086;0.3373605;0.29646602;0.2375868;0.17135967;0.11439307
0.37173504;0.3736878;0.3712867;0.36415806;0.35077953;0.3244806;0.281233;0.22370777;0.16280016;0.11093568
0.37474015;0.37693155;0.37467542;0.36834627;0.35689947;0.3324381;0.29077342;0.23317677;0.16935927;0.11465821
0.37094623;0.37286663;0.3706824;0.3617627;0.34558624;0.31279802;0.26045746;0.19445938;0.13194309;0.08398361
0.3291277;0.33301228;0.33045033;0.32050014;0.2994089;0.26198706;0.21035133;0.15366843;0.104355276;0.06838228
0.37501714;0.3766157;0.37525302;0.3683378;0.35437357;0.32729903;0.27871072;0.2120635;0.14605173;0.09130017
0.37601894;0.3783215;0.3763333;0.36988536;0.3583113;0.33311847;0.2890864;0.2267896;0.15947895;0.103606835
0.35307533;0.35607558;0.35267392;0.3427937;0.32323447;0.2867003;0.23316681;0.17179263;0.11603078;0.07537761
0.3461957;0.3493566;0.34578472;0.3357677;0.315684;0.2787276;0.2259036;0.16640395;0.11258374;0.07329459
0.36675692;0.36891666;0.3656201;0.35656494;0.33950427;0.306409;0.2552802;0.19227524;0.13135904;0.08453598
0.3721924;0.37432775;0.37216854;0.36536;0.35330817;0.3287423;0.28833047;0.23345049;0.17380223;0.12206149
0.36639377;0.36832032;0.36581323;0.3578045;0.3426991;0.3144802;0.26985055;0.21273342;0.15507695;0.10671461
0.3750214;0.37723756;0.3750064;0.36766183;0.3544103;0.32633972;0.27912417;0.21498594;0.14856462;0.09522662
0.36361286;0.36602616;0.36310956;0.35521764;0.3402302;0.31223598;0.26908487;0.2153826;0.16151837;0.11630951
0.34313855;0.34613016;0.34344843;0.33356053;0.31451428;0.28091544;0.23269917;0.17643678;0.123979166;0.08363185
0.3304039;0.3342347;0.3315407;0.32156387;0.30044535;0.26302463;0.21125458;0.15437034;0.10480437;0.06866998
0.3518706;0.3548632;0.3512386;0.3413055;0.32201815;0.2851933;0.23193516;0.17131604;0.115609944;0.07504598
0.3733557;0.37564054;0.3736397;0.36722475;0.3564095;0.33331528;0.29479274;0.24112095;0.1809072;0.12806764
0.32169604;0.3259096;0.32460195;0.3151255;0.29499418;0.25803888;0.20764425;0.15213533;0.10352999;0.067479104
0.3732696;0.37538576;0.37309673;0.3664827;0.3544773;0.32950163;0.28788546;0.2314578;0.16955695;0.116305396
0.3480411;0.35076126;0.3480029;0.33828184;0.31998408;0.28700632;0.23908997;0.1824498;0.12878796;0.08700171
0.37450522;0.37663445;0.3741812;0.36741436;0.3548292;0.32883933;0.28492743;0.2250486;0.16075867;0.106841624
0.36244372;0.36498684;0.3619179;0.35395956;0.3387765;0.31051344;0.26734087;0.21423015;0.16128716;0.11706594
0.37125465;0.37341633;0.37121376;0.36421952;0.35183844;0.32708302;0.28676283;0.23234709;0.17394805;0.123336345
0.37643245;0.37849793;0.37733078;0.37163115;0.36048323;0.33767107;0.294339;0.23013943;0.1614174;0.102728024
0.36917686;0.3710288;0.3684428;0.36060697;0.34569278;0.3175677;0.27229267;0.21353294;0.15364797;0.10363157
0.3754716;0.3774673;0.375773;0.36832148;0.3548201;0.32672906;0.27866012;0.21287102;0.14623104;0.09263391
0.36816478;0.37001827;0.36732355;0.35919192;0.34373316;0.31480485;0.26866364;0.20933293;0.14961691;0.10029438
0.37583742;0.3776581;0.3764174;0.37013686;0.3575192;0.33265263;0.28660852;0.22087608;0.15331197;0.09641709
0.34004697;0.3433014;0.34047815;0.33061627;0.31142387;0.2774939;0.22934946;0.17424862;0.12299737;0.083878554
0.3698292;0.37169442;0.36917275;0.36153147;0.34701014;0.31940293;0.27471036;0.21635084;0.15631148;0.105835274
0.3726002;0.37434152;0.3724465;0.3640007;0.34839126;0.3169211;0.26522055;0.19872525;0.13527595;0.0855452
0.31746194;0.32182044;0.32099062;0.31149608;0.29149693;0.25455508;0.20472318;0.14980383;0.10203756;0.06661801
0.37153497;0.37342831;0.37079898;0.3632563;0.34882602;0.3211507;0.27583703;0.21614316;0.15458223;0.10325373
0.37219456;0.37427774;0.3713832;0.36342725;0.34834924;0.3184923;0.27008027;0.207161;0.1436135;0.092897505
0.34341592;0.346235;0.34374318;0.33352816;0.3137647;0.27964565;0.23055674;0.1724325;0.11954969;0.07919863
0.36996865;0.37217927;0.36933213;0.3603987;0.34427828;0.31098774;0.25903854;0.19434445;0.13171236;0.08422735
0.37018383;0.37208146;0.36967424;0.36223972;0.34823403;0.32131678;0.2776004;0.22015758;0.16039914;0.10967597
0.36108825;0.36332747;0.35995233;0.35038364;0.3326562;0.29894078;0.24825627;0.18696027;0.12823084;0.08324734
0.35283366;0.35532004;0.3522165;0.34222382;0.32344654;0.28903052;0.23866336;0.17874207;0.12277603;0.08022315
0.33089775;0.33480093;0.33247712;0.32287982;0.30232158;0.26527885;0.21363547;0.15662739;0.10634777;0.069300435
0.36154702;0.3641144;0.3606463;0.35096416;0.33301064;0.29725513;0.24398525;0.18124776;0.12228621;0.07888822
0.36796802;0.37006274;0.36685008;0.3579965;0.3412187;0.30882892;0.2582603;0.19522308;0.1338444;0.086188875
0.37540862;0.37779212;0.3759346;0.37038577;0.36103466;0.33927333;0.30121893;0.2467178;0.18277062;0.12626387
0.37436506;0.37645227;0.3743519;0.36634687;0.3521397;0.32217783;0.27281758;0.20733906;0.14171977;0.09014778
0.3700721;0.3722897;0.36935544;0.3605077;0.34443074;0.31138057;0.25973067;0.19526963;0.13253362;0.08478853
0.37041497;0.37227818;0.36966828;0.3619768;0.34728977;0.31939375;0.27410266;0.21488057;0.15417495;0.10349688
0.34164572;0.34457618;0.34211165;0.3318934;0.3119886;0.2777878;0.22878495;0.17106847;0.118660174;0.07875426
0.37378246;0.37610766;0.374166;0.36792934;0.35754603;0.33496124;0.2969813;0.2435826;0.18292186;0.12946308
0.3635167;0.36555442;0.36246905;0.3532935;0.33623832;0.3043811;0.25551164;0.19485201;0.1357822;0.08917575
0.36979067;0.37192446;0.36881742;0.36016697;0.3439279;0.31181005;0.26125133;0.19766651;0.13525304;0.08686021
0.3763346;0.37863836;0.37680376;0.37098908;0.3606164;0.33766043;0.29660454;0.23719075;0.1705298;0.113317326
0.35327458;0.35574573;0.3528883;0.34342393;0.32602313;0.29385525;0.2464504;0.18969075;0.13488273;0.09160102
0.32608223;0.3303301;0.3271426;0.31716096;0.29647008;0.26081955;0.21216926;0.16017571;0.113428995;0.079201184
0.34362662;0.34692246;0.34340617;0.3333908;0.31296822;0.27586553;0.22308895;0.16401632;0.11100283;0.07236797
0.36755103;0.3695055;0.36643997;0.35777345;0.3412462;0.31021774;0.26140046;0.19975945;0.13912952;0.09083453
0.3408792;0.3440693;0.3412729;0.33141497;0.31229344;0.2784632;0.23032856;0.17499329;0.12345081;0.0840205
0.37505066;0.37727883;0.37508854;0.36890417;0.3578157;0.33377603;0.29254073;0.23509054;0.17091754;0.11574561
0.3729888;0.37520742;0.37309974;0.3665498;0.35520476;0.33131346;0.29169133;0.23727047;0.17691731;0.12432461
0.34330544;0.34674394;0.34360507;0.33383894;0.3132931;0.27651817;0.2236223;0.1641793;0.11121328;0.07243691
0.3356496;0.3392094;0.3363006;0.3263806;0.30667853;0.2722116;0.22390576;0.16969067;0.11979005;0.08216266
0.34000957;0.34358934;0.34049046;0.33072284;0.31006864;0.27302697;0.2203396;0.16166592;0.10949214;0.071374334
0.37356314;0.37555382;0.37349442;0.36514723;0.35034242;0.31931767;0.2687699;0.20286068;0.13814133;0.08774494
0.34984785;0.35266504;0.34958267;0.34016484;0.3227504;0.29018995;0.2430505;0.18815005;0.1352224;0.09379015
0.37327456;0.37543216;0.37294543;0.3647357;0.35001445;0.31913835;0.2692138;0.20429644;0.13946737;0.08898519
0.36225897;0.36479017;0.36134928;0.35171384;0.33386514;0.29826632;0.24506015;0.18216269;0.12293857;0.07925032
0.37650326;0.3788139;0.37712258;0.3715603;0.36169812;0.33968797;0.29975823;0.2411996;0.17458895;0.11672438
0.362582;0.36509946;0.3618277;0.35217363;0.33421612;0.29861572;0.2451581;0.18182738;0.12267478;0.07908816
0.36840162;0.37025446;0.36768216;0.359757;0.3447094;0.31643286;0.27114612;0.21262908;0.1532013;0.10358315
0.3651588;0.36751303;0.36413717;0.35478297;0.33745357;0.3029047;0.25046232;0.18721646;0.12681162;0.08151797
0.3546159;0.35695186;0.35416687;0.34459552;0.32702053;0.29479593;0.2470119;0.1891591;0.13355258;0.089701936
0.3605308;0.36298564;0.3594199;0.3497159;0.33178148;0.29657;0.24424241;0.18232675;0.12363788;0.079857536
0.35222974;0.3551011;0.3514868;0.34152597;0.3223922;0.2858318;0.23293394;0.17240451;0.11654732;0.0756029
0.3496579;0.3527711;0.34966004;0.33985415;0.31959343;0.28342167;0.23022252;0.16919844;0.114709176;0.074610084
0.3760494;0.37833887;0.3763892;0.37050787;0.360016;0.3368457;0.2958814;0.23720407;0.17125276;0.11454505
0.37650454;0.37880972;0.3771203;0.3710013;0.3600705;0.33610362;0.29313526;0.23086587;0.16286038;0.10575729
0.37235695;0.37451985;0.37168723;0.36350408;0.34836596;0.31754136;0.26796788;0.20399678;0.13992415;0.089733265
0.3585216;0.36086378;0.35747334;0.3477151;0.32964343;0.29536495;0.24444547;0.18353163;0.1256406;0.081638545
0.36548257;0.36772922;0.365026;0.35547912;0.337705;0.30301383;0.24962452;0.18491764;0.12512009;0.08043905
0.36805722;0.37025067;0.36756197;0.35824838;0.34136695;0.30718127;0.25426552;0.18929774;0.1280147;0.0820285
0.3712439;0.37313423;0.37060288;0.36316374;0.3490027;0.32178727;0.2772495;0.21849336;0.15749073;0.10616606
0.37493742;0.37712842;0.3747184;0.36801004;0.35563603;0.3296754;0.28556538;0.22502893;0.1599221;0.105602875
