Point1_EtchRateO;Point2_EtchRateO;Point3_EtchRateO;Point4_EtchRateO;Point5_EtchRateO;Point6_EtchRateO;Point7_EtchRateO;Point8_EtchRateO;Point9_EtchRateO;Point10_EtchRateO
0.06402242;0.055371903;0.048779435;0.037862863;0.027204419;0.01513432;0.008665976;0.0057698283;0.0014369504;0.00026030454
0.064062424;0.055416945;0.048818126;0.03791201;0.027243841;0.015171277;0.008688098;0.0057764137;0.0014442794;0.00026447183
0.06414968;0.05551537;0.048915546;0.038008764;0.027347222;0.015260435;0.008716657;0.0057633286;0.0014378987;0.00025555183
0.064158976;0.055525847;0.048926227;0.038018845;0.02735864;0.01527014;0.008719275;0.0057613347;0.0014367268;0.00025420115
0.06424107;0.05561837;0.04901006;0.03811625;0.027445417;0.015348901;0.008758226;0.00576579;0.0014443388;0.00025675556
0.06425953;0.055639155;0.049025893;0.03814064;0.027460884;0.01536464;0.008771657;0.005773274;0.0014513206;0.00026156363
0.064318165;0.055705264;0.049082886;0.03821268;0.027518978;0.015419034;0.008804134;0.0057828594;0.0014619392;0.00026753993
0.0643548;0.055746555;0.04911837;0.038257815;0.027555093;0.015452936;0.008824664;0.005789163;0.0014688271;0.00027147558
0.06441715;0.05581691;0.049185917;0.038328763;0.02762616;0.015515328;0.008848596;0.0057846233;0.0014681182;0.00026817463
0.064458735;0.05586382;0.049230143;0.03837677;0.027672438;0.015556398;0.008865865;0.0057833907;0.0014691027;0.00026714685
0.06452237;0.055935584;0.04929318;0.038454138;0.027737029;0.015616241;0.008899651;0.005791681;0.0014788497;0.00027217856
0.0645958;0.056018475;0.04937073;0.038539506;0.027817985;0.015688438;0.008931272;0.005790994;0.0014817569;0.0002712775
0.06460127;0.056024633;0.049374178;0.03854779;0.02782089;0.0156923;0.008937268;0.005795994;0.0014860712;0.00027450017
0.06472927;0.056169152;0.049509294;0.038696777;0.027961899;0.015818145;0.008992823;0.00579532;0.0014915095;0.0002732098
0.06470405;0.05614063;0.04947826;0.03867102;0.027928203;0.015790466;0.0089887045;0.005804933;0.0014981431;0.00027965324
0.064750575;0.056193173;0.049528666;0.03872415;0.027981175;0.015837057;0.009006969;0.0058019836;0.0014979099;0.0002774053
0.06480348;0.056252964;0.04958824;0.038782742;0.028044434;0.015891515;0.009024272;0.0057938243;0.0014937402;0.00027170303
0.064812586;0.056263223;0.04959552;0.03879527;0.028051335;0.015898954;0.00903189;0.0057988497;0.0014982406;0.00027491045
0.064820915;0.056272633;0.049601216;0.03880755;0.028056344;0.01590513;0.009040413;0.0058055934;0.0015040885;0.00027923763
0.06499876;0.056473568;0.049788624;0.039015315;0.028251667;0.01607987;0.009119241;0.005806636;0.0015130836;0.00027852395
0.065004796;0.056480393;0.049794868;0.03902246;0.028258147;0.016085729;0.009122086;0.005806911;0.0015135821;0.00027865486
0.0649842;0.056457102;0.049770925;0.03900027;0.028232519;0.016064035;0.009116474;0.0058116578;0.0015164951;0.00028191606
0.06502755;0.0565061;0.049820088;0.03904805;0.028284788;0.016108895;0.009130294;0.0058044237;0.0015126014;0.00027684617
0.065056056;0.05653832;0.049849994;0.03908151;0.028315904;0.016136827;0.009143247;0.0058050044;0.0015143574;0.00027697862
0.065066636;0.056550283;0.049860254;0.039094623;0.028326333;0.016146654;0.009149368;0.0058070407;0.0015164907;0.00027821632
0.06503819;0.05651808;0.049824536;0.039066106;0.028287385;0.016114961;0.0091456985;0.005819273;0.0015251177;0.00028642188
0.065084726;0.0565707;0.049877755;0.039117057;0.028344095;0.016163414;0.009159897;0.005810608;0.0015201978;0.0002803803
0.06506317;0.056546323;0.049851973;0.03909441;0.028316308;0.01614024;0.009155121;0.0058171046;0.0015244875;0.00028479184
0.06507668;0.05656161;0.04986634;0.039110117;0.028331306;0.016153602;0.009160963;0.00581697;0.0015249925;0.00028459032
0.06509713;0.056584716;0.049887285;0.039134525;0.028352955;0.016173316;0.009171056;0.0058184913;0.0015271482;0.00028540363
0.065223426;0.05672752;0.050022624;0.039280552;0.028494582;0.016298935;0.00922429;0.005815225;0.0015301615;0.00028213477
0.065263465;0.05677279;0.05006379;0.03932834;0.02853712;0.016337639;0.009244019;0.0058181053;0.001534279;0.00028363123
0.06527372;0.05678441;0.05007477;0.03934022;0.028548611;0.01634784;0.0092483945;0.0058179037;0.0015345694;0.00028340187
0.06524415;0.05675094;0.050038077;0.03931019;0.02850873;0.016315185;0.009243828;0.005829595;0.0015427241;0.0002912784
0.065299876;0.056813963;0.050096862;0.039375458;0.028569948;0.016370028;0.009268947;0.0058303718;0.0015458262;0.00029125018
0.06538379;0.056908894;0.050184418;0.039474647;0.028660815;0.016452007;0.009308497;0.005833872;0.0015523594;0.00029268634
0.06544974;0.056983527;0.050255477;0.039550737;0.028735243;0.016517894;0.009336105;0.00583179;0.001553564;0.00029066092
0.06544979;0.056983575;0.05025412;0.039551992;0.028733397;0.016517036;0.009338393;0.0058349157;0.0015560956;0.0002926875
0.06546067;0.0569959;0.050266184;0.039564244;0.028746132;0.016528118;0.00934239;0.005833812;0.001555678;0.0002918574
0.06550047;0.057040907;0.0503036;0.039614797;0.028783685;0.016564364;0.009367869;0.0058447113;0.0015662301;0.00029850847
0.06554049;0.057086222;0.05034399;0.039663363;0.028825145;0.016602604;0.009389185;0.005849704;0.001572;0.00030130637
0.06564781;0.057207726;0.05045586;0.039790582;0.02894113;0.016707448;0.0094406605;0.005855225;0.0015810882;0.00030369285
0.06568247;0.057246983;0.050495736;0.039828554;0.028983615;0.016743723;0.009451319;0.005848768;0.0015773583;0.00029911264
0.06569284;0.057258725;0.050504223;0.039842803;0.028991684;0.016752359;0.0094600655;0.0058545033;0.0015824308;0.000302704
0.06570702;0.05727479;0.050517507;0.039860938;0.02900499;0.016765261;0.009469363;0.00585864;0.0015863838;0.00030521603
0.065805376;0.057386212;0.050626043;0.039972614;0.029119328;0.016865252;0.009507234;0.0058507826;0.0015842112;0.00029895728
0.065912336;0.057507373;0.05073493;0.04010195;0.0292313;0.016968137;0.009563528;0.0058629727;0.0015985572;0.0003055202
0.06593007;0.057527527;0.050753295;0.04012322;0.02925027;0.016985409;0.009572486;0.0058644447;0.0016004867;0.0003062461
0.0659011;0.057494644;0.050718524;0.040092606;0.029212836;0.016954146;0.009565718;0.005872847;0.0016060622;0.0003120522
0.065960795;0.057562325;0.05078741;0.04015796;0.029286256;0.017016785;0.009584083;0.005861633;0.0015995016;0.00030404056
0.06604858;0.05766184;0.05087541;0.040265463;0.029376253;0.017100396;0.009632958;0.005875215;0.0016141038;0.00031166483
0.066111594;0.057733312;0.05094435;0.040337775;0.02944864;0.017164128;0.0096587315;0.0058721076;0.0016141939;0.00030880855
0.06614262;0.0577685;0.05097819;0.040373486;0.02948413;0.017195443;0.00967163;0.005870864;0.0016144684;0.00030758115
0.06607897;0.057696283;0.050903536;0.040304694;0.029404253;0.017127851;0.009653759;0.0058852453;0.0016234485;0.00031773467
0.06615089;0.05777788;0.050984822;0.04038505;0.029490368;0.017202264;0.009678993;0.005875929;0.0016188909;0.0003107378
0.06615418;0.057781603;0.050986186;0.040390734;0.029491123;0.01720416;0.009684024;0.005880833;0.0016229763;0.00031385553
0.06619574;0.057828754;0.05103425;0.040436253;0.02954235;0.017247858;0.009696858;0.005873028;0.0016183865;0.00030824525
0.066170245;0.057799824;0.05100259;0.04041017;0.029507995;0.01721966;0.009692527;0.0058826962;0.0016251393;0.00031484096
0.066175215;0.057805464;0.051007852;0.04041602;0.029513462;0.017224573;0.009694859;0.0058828676;0.001625478;0.00031488028
0.06621186;0.057846993;0.051043637;0.040461756;0.029549737;0.017258886;0.009716989;0.005890872;0.0016334268;0.00031953416
0.06626183;0.057903714;0.051101908;0.040516138;0.029611958;0.017311744;0.009731752;0.0058805463;0.0016271297;0.00031215718
0.06631955;0.05796921;0.051158443;0.040588167;0.029669285;0.017365925;0.009766574;0.0058930414;0.0016395292;0.00031938456
0.06631391;0.05796281;0.051151346;0.040582485;0.029661553;0.017359626;0.009765784;0.0058954097;0.0016412094;0.00032098714
0.066312656;0.05796139;0.051148474;0.040582333;0.02965809;0.017357405;0.009767748;0.005898875;0.0016439517;0.00032324536
0.06647312;0.058143545;0.05131898;0.040771354;0.029835412;0.017516589;0.00984306;0.0059039583;0.0016544552;0.00032411248
0.06649944;0.058173425;0.051343728;0.040805154;0.029860135;0.017540656;0.009860843;0.0059122313;0.0016621554;0.00032903123
0.066622406;0.05831309;0.051474564;0.040950123;0.029996183;0.01766281;0.009918878;0.0059164083;0.0016703458;0.00032977088
0.066633314;0.05832547;0.051487304;0.04096199;0.03000978;0.017674366;0.009922125;0.0059141754;0.0016689782;0.0003281645
0.066663004;0.058359202;0.051522546;0.040993847;0.030047566;0.017706187;0.009930101;0.0059068883;0.0016642641;0.00032298738
0.066707134;0.058409356;0.051568717;0.04104662;0.030095302;0.01774954;0.009952405;0.0059103747;0.0016687822;0.00032450253
0.06669706;0.058397904;0.051552534;0.04103947;0.03007677;0.017736062;0.009956752;0.005922526;0.0016781674;0.00033248786
0.066804856;0.058520406;0.051671468;0.041163094;0.030201696;0.01784589;0.010001082;0.0059170844;0.0016779465;0.00032718747
0.06691161;0.05864177;0.051779438;0.041294165;0.030312099;0.017948465;0.010061773;0.00593464;0.00169612;0.00033662078
0.0669068;0.05863631;0.05177293;0.04128969;0.030304894;0.017942801;0.01006181;0.005937648;0.0016983597;0.0003386386
0.06693295;0.058666043;0.051800936;0.04132048;0.030334046;0.017968925;0.01007411;0.005938408;0.0016999634;0.0003386676
0.066950954;0.05868651;0.05181974;0.041342072;0.030353468;0.017986605;0.010083374;0.0059400317;0.0017019475;0.00033939618
0.06698324;0.05872324;0.051857438;0.04137741;0.030393662;0.018020831;0.0100933835;0.005933867;0.0016982092;0.0003348629
0.066961035;0.058697954;0.05183014;0.04135426;0.030364163;0.017996415;0.010088773;0.005941233;0.0017032904;0.00033998775
0.067016676;0.058761254;0.051891178;0.041418556;0.030428119;0.018052919;0.010112643;0.0059396825;0.001704132;0.000337994
0.06704437;0.058792777;0.051919453;0.041452415;0.030457098;0.018079717;0.010128122;0.00594383;0.0017084968;0.00034014918
0.067150906;0.05891399;0.052033413;0.04157817;0.03057558;0.018186092;0.010179016;0.0059478977;0.00171572;0.00034079724
0.06715742;0.05892141;0.05204018;0.04158602;0.030582555;0.018192468;0.010182475;0.005948626;0.0017165423;0.00034113956
0.06711836;0.05887694;0.051992558;0.041544974;0.030531213;0.018149776;0.010173651;0.005960621;0.0017247302;0.00034956343
0.067178614;0.05894552;0.052062247;0.04161157;0.030605309;0.018213253;0.010193652;0.005950865;0.0017191195;0.00034217653
0.06715757;0.058921568;0.052037198;0.041588947;0.030578464;0.018190637;0.010187888;0.0059559457;0.0017224229;0.00034583316
0.06722369;0.058996823;0.052109398;0.04166577;0.030653972;0.0182576;0.010217136;0.0059552253;0.0017242763;0.00034411647
0.067335166;0.059123755;0.052228853;0.041797448;0.030778155;0.018369103;0.01027067;0.0059597106;0.0017319334;0.0003448401
0.067344576;0.059134457;0.052235514;0.04181152;0.030784005;0.01837636;0.010281009;0.0059680664;0.0017389706;0.00035000272
0.06735276;0.059143778;0.05224111;0.041823983;0.030788813;0.01838255;0.010290398;0.0059758592;0.0017455121;0.00035482607
0.06742026;0.05922066;0.052318573;0.041899282;0.030870952;0.018453311;0.01031421;0.0059667598;0.0017406496;0.000347667
0.067426994;0.05922833;0.052319482;0.041912775;0.030869894;0.018456083;0.010328268;0.0059818355;0.001752976;0.00035718392
0.06743969;0.05924278;0.05233197;0.04192877;0.030882515;0.018468088;0.010336343;0.00598504;0.0017559981;0.00035897654
0.06750429;0.059316374;0.0524024;0.042004146;0.030956078;0.018533496;0.010365652;0.0059852116;0.0017584327;0.0003577713
0.06750144;0.059313163;0.05240152;0.0419989;0.03095584;0.01853201;0.010360578;0.005980022;0.0017541703;0.00035450739
0.067594126;0.059418757;0.052497886;0.04211124;0.031055007;0.018622937;0.010410867;0.0059914906;0.0017666314;0.0003599265
0.06761642;0.059444167;0.052518383;0.042140648;0.031075206;0.01864313;0.010427649;0.0060006427;0.0017747453;0.0003653074
0.06766547;0.05950007;0.052576717;0.042193692;0.031137625;0.018695857;0.010441744;0.0059895674;0.001767585;0.00035719003
0.06770666;0.05954707;0.052617773;0.042245287;0.031179268;0.01873518;0.010467371;0.005999092;0.0017766409;0.0003623954
0.06775441;0.059601523;0.052663963;0.04230637;0.031225614;0.018779892;0.010499588;0.006013549;0.001789863;0.00037059447
0.06782647;0.059683703;0.05273781;0.042394895;0.03130118;0.018849976;0.010541167;0.006025713;0.0018020615;0.0003767807
0.067853004;0.059713975;0.052769657;0.0424234;0.031335324;0.018878689;0.010548403;0.006019161;0.0017977275;0.00037201153
0.067854375;0.059715535;0.052767962;0.04242784;0.031332552;0.018878095;0.0105546145;0.006026784;0.0018038709;0.0003768448
0.06786543;0.059728168;0.05277893;0.042441763;0.03134365;0.018888626;0.010561679;0.006029574;0.0018064757;0.0003783779
0.06791131;0.0597805;0.05283241;0.042492464;0.031400524;0.018937288;0.01057701;0.0060220854;0.0018020398;0.0003725703
0.06794448;0.059818327;0.052865632;0.04253392;0.03143425;0.018969078;0.010597587;0.0060296264;0.0018091899;0.0003766326
0.06796077;0.05983694;0.05287948;0.042556517;0.031447448;0.018983157;0.010612078;0.006039299;0.0018174712;0.00038242954
0.06794752;0.05982182;0.052866463;0.042539746;0.031434316;0.018970616;0.0106034195;0.0060356846;0.0018141338;0.00038042586
0.06800822;0.05989107;0.05293312;0.042610493;0.031503983;0.01903246;0.010630997;0.0060356916;0.0018161737;0.0003790439
0.0680003;0.05988204;0.05292254;0.04260294;0.03149233;0.019023217;0.010630692;0.0060401857;0.0018195009;0.0003820853
0.06803674;0.059923664;0.05296372;0.04264444;0.03153572;0.019061077;0.010645309;0.006037524;0.0018185887;0.00037955225
0.06805538;0.059944913;0.052979626;0.042670198;0.03155091;0.019077228;0.010661779;0.006048447;0.0018279359;0.0003860755
0.06811273;0.060010403;0.053046968;0.04273332;0.031622633;0.019138403;0.010680443;0.0060383007;0.0018217216;0.00037826877
0.068137504;0.060038686;0.053076457;0.042760216;0.031654157;0.019165073;0.010687803;0.0060329656;0.0018182783;0.00037429115
0.06817441;0.060080837;0.053114925;0.042805195;0.031693675;0.019201418;0.010708447;0.0060381936;0.0018236632;0.00037673832
0.068260625;0.060179323;0.053201824;0.04291287;0.03178197;0.019284483;0.010761913;0.0060575665;0.0018419423;0.0003870033
0.06832072;0.060247973;0.053270604;0.042980712;0.031854656;0.019347496;0.010784912;0.006051561;0.0018390828;0.00038171586
0.06849549;0.06044776;0.053453863;0.0431932;0.032043155;0.019520422;0.010882018;0.006075155;0.001863458;0.00039234912
0.06847745;0.060427137;0.053431068;0.043174736;0.032018423;0.019500174;0.010878864;0.0060820794;0.0018684149;0.0003972045
0.06852791;0.060484864;0.05348368;0.043236464;0.032072406;0.019549938;0.010907664;0.0060898764;0.0018762144;0.0004008676
0.068522856;0.0604791;0.053476125;0.04323235;0.032063883;0.019543547;0.010908883;0.0060946806;0.0018798823;0.00040404528
0.06863336;0.060605466;0.053597447;0.04336205;0.03219042;0.019656315;0.010961186;0.006097078;0.0018852216;0.00040271253
0.068619646;0.060589783;0.053582735;0.043345667;0.032175183;0.019642536;0.010954097;0.0060959603;0.0018839103;0.00040235723
0.06867178;0.060649406;0.053643465;0.043403737;0.03223963;0.0196979;0.010972623;0.0060887;0.001879723;0.0003963874
0.06864822;0.060622483;0.053613737;0.043379556;0.03220739;0.01967147;0.01096835;0.00609756;0.0018860565;0.00040261674
0.068722576;0.060707547;0.053693075;0.043468967;0.032289382;0.019745957;0.011007881;0.00610503;0.0018942857;0.0004053971
0.06875439;0.06074397;0.053724498;0.043509565;0.032321002;0.019776285;0.011029434;0.0061145104;0.0019028035;0.00041056276
0.068731025;0.06071726;0.0536983;0.04348264;0.03229352;0.019752104;0.011019292;0.006115255;0.0019026903;0.00041165965
0.06876737;0.06075882;0.053741686;0.0435222;0.032339856;0.01979135;0.011030402;0.0061077215;0.0018977884;0.0004059062
0.068826765;0.060826812;0.05380402;0.043594673;0.032403905;0.019850234;0.011064098;0.006116514;0.0019065811;0.00040988228
0.06888861;0.060897615;0.053869836;0.043669373;0.032471817;0.019912122;0.01109769;0.006123599;0.0019140651;0.0004126836
0.06893183;0.060947146;0.053916823;0.043720752;0.032520615;0.019956;0.011119493;0.0061262497;0.0019174552;0.00041316755
0.06900169;0.061027117;0.053993452;0.04380312;0.032600414;0.020027325;0.011153505;0.006128871;0.0019215941;0.00041288207
0.06900804;0.06103438;0.054000676;0.043810382;0.032608017;0.020033965;0.011156145;0.0061284876;0.0019214738;0.00041246036
0.06903912;0.061070003;0.054034613;0.04384722;0.03264331;0.020065619;0.011171648;0.006130139;0.0019236932;0.00041263056
0.069034666;0.06106494;0.05402325;0.043847866;0.032629382;0.020057108;0.011181254;0.006145962;0.0019361523;0.00042277033
0.06905684;0.06109036;0.054046772;0.043874823;0.032653593;0.020079268;0.011193638;0.0061489195;0.0019391485;0.00042401606
0.069080755;0.06111776;0.05407182;0.043904126;0.032679286;0.02010297;0.011207524;0.0061528436;0.0019429582;0.00042581288
0.06918095;0.061232585;0.054182727;0.04402165;0.03279504;0.020205954;0.011255122;0.0061548464;0.0019474248;0.0004242046
0.069228575;0.06128717;0.0542368;0.044076283;0.032851905;0.020255737;0.011275319;0.006152492;0.0019469064;0.00042133837
0.06922278;0.06128058;0.054223508;0.044075802;0.03283581;0.02024559;0.011285194;0.0061695026;0.00196026;0.0004322506
0.06926288;0.06132652;0.054269824;0.044121094;0.03288476;0.02028799;0.011300807;0.006165621;0.0019583064;0.0004286276
0.06919713;0.061251167;0.0541953;0.044045523;0.032806434;0.02021933;0.011272601;0.006168452;0.0019587018;0.00043233688
0.069254845;0.06131734;0.054256275;0.04411595;0.032869115;0.020276895;0.011305547;0.006177067;0.0019671721;0.00043608737
0.06934608;0.06142196;0.05435647;0.044223875;0.032973375;0.020370234;0.01135082;0.0061814054;0.0019731703;0.0004361313
0.06941979;0.061506495;0.05443802;0.044310555;0.033058412;0.020446023;0.011386447;0.0061835875;0.001976937;0.00043529735
0.069475695;0.061570644;0.054501124;0.04437527;0.033124596;0.020504288;0.011411343;0.006182315;0.0019774572;0.00043280402
0.069477975;0.061573297;0.054496426;0.044384576;0.033117358;0.020502245;0.011425781;0.0062004654;0.001991929;0.0004441838
0.06952424;0.06162636;0.054553024;0.044434145;0.0331781;0.020553129;0.011438378;0.006188543;0.001983717;0.00043524432
0.069583915;0.06169487;0.054616354;0.044506915;0.033243224;0.020612882;0.011472527;0.0061974316;0.00199238;0.00043901123
0.06959672;0.06170959;0.05462757;0.044524763;0.033253953;0.020624276;0.011484312;0.006205369;0.0019990203;0.00044361816
0.06958543;0.06169665;0.054612685;0.044513676;0.03323766;0.020611208;0.011483254;0.006211009;0.0020031873;0.00044751982
0.06964432;0.061764244;0.05467753;0.0445834;0.033305123;0.02067162;0.011512736;0.00621403;0.002007154;0.00044759273
0.06971389;0.061844148;0.05475732;0.044662967;0.03338915;0.020744937;0.011541866;0.006209826;0.0020056556;0.0004427526
0.06979077;0.061932497;0.054835066;0.044760533;0.03346773;0.020819664;0.01159364;0.0062316814;0.0020249807;0.00045405907
0.069906786;0.062065803;0.05496297;0.044898164;0.033600733;0.020938868;0.011652402;0.006238348;0.0020332402;0.00045449645
0.06981373;0.0619589;0.054855905;0.044791892;0.033487923;0.020840552;0.01161361;0.006244303;0.0020355806;0.00046126393
0.069932275;0.062095135;0.054986887;0.044932306;0.033624217;0.020962542;0.011673251;0.0062505426;0.002043543;0.0004613292
0.06992254;0.062083915;0.05497758;0.044919387;0.03361502;0.02095339;0.011665566;0.006246274;0.0020399173;0.00045896677
0.06995268;0.062118575;0.055009164;0.044956733;0.03364731;0.020983385;0.011684064;0.0062523494;0.0020454885;0.00046179138
0.069989875;0.062161334;0.0550518;0.044999428;0.033692162;0.021022601;0.011700002;0.006250519;0.0020449795;0.0004594175
0.06991388;0.06207402;0.054962397;0.044914395;0.03359737;0.020941105;0.011671828;0.006260167;0.0020506983;0.00046797874
0.070175864;0.06237535;0.05524654;0.04523034;0.03389109;0.021207683;0.011815337;0.00628943;0.0020803441;0.0004775991
0.070282176;0.06249764;0.055368375;0.04535266;0.03401916;0.021319833;0.011861749;0.006285205;0.0020795544;0.00047129762
0.070311755;0.06253177;0.055394433;0.04539407;0.034044042;0.021346359;0.011889707;0.0063043293;0.002095377;0.00048226252
0.0703306;0.06255348;0.05541424;0.045417465;0.034064278;0.021365173;0.011901432;0.006308285;0.0020989475;0.0004840849
0.07034613;0.06257132;0.055434152;0.04543337;0.034085885;0.021382825;0.0119042145;0.006302263;0.0020945573;0.00047977184
0.07043985;0.06267925;0.055536915;0.045545794;0.034192353;0.021478973;0.01195457;0.006311167;0.002103771;0.0004820484
0.07038443;0.0626155;0.055469748;0.045485336;0.0341206;0.021418296;0.011937071;0.006322472;0.0021114158;0.0004910879
0.0704045;0.06263854;0.05549804;0.045503482;0.03415204;0.021442637;0.011935775;0.0063080806;0.0021005129;0.00048136257
0.070387274;0.06261875;0.055476252;0.045485567;0.034128487;0.021423232;0.0119321;0.006313969;0.0021047662;0.00048566115
0.07056759;0.06282647;0.055674873;0.045701195;0.034334533;0.021608822;0.012027742;0.0063293125;0.0021210196;0.00048884033
0.07069213;0.06297001;0.055811368;0.04585105;0.03447583;0.021736667;0.012095812;0.006342483;0.0021341883;0.0004925439
0.07070193;0.06298132;0.05582013;0.045864694;0.034484226;0.021745548;0.012104988;0.00634867;0.0021392852;0.00049605244
0.07069203;0.06296994;0.055808187;0.045853853;0.03447149;0.021734744;0.012101733;0.006350518;0.0021405271;0.0004975699
0.07072505;0.06300807;0.055840634;0.045897193;0.034503788;0.021766432;0.012127191;0.006363973;0.002151862;0.0005047625
0.07082465;0.063122906;0.055952765;0.046014406;0.034620818;0.021870492;0.012176358;0.006367294;0.0021566388;0.00050313596
0.07084013;0.06314081;0.05596794;0.04603479;0.034635905;0.021885341;0.012188462;0.006373808;0.0021621003;0.0005066166
0.07088989;0.06319814;0.056025952;0.046091504;0.03469709;0.021938514;0.012209263;0.0063703703;0.0021604528;0.00050260196
0.07080501;0.063100375;0.05592428;0.045997404;0.034588963;0.021846209;0.012179172;0.0063834814;0.0021689758;0.00051397184
0.070929244;0.06324369;0.05606159;0.046146214;0.03473137;0.021974541;0.012245953;0.006394876;0.0021805887;0.00051640184
0.070952915;0.063270964;0.056090415;0.046172023;0.034762174;0.022000568;0.012253469;0.00639003;0.0021772694;0.0005124799
0.07092887;0.06324329;0.05605908;0.046147734;0.034728065;0.021972917;0.012249825;0.0064003286;0.0021848811;0.00051981956
0.07103467;0.06336531;0.056181163;0.0462697;0.034856386;0.022085287;0.012296989;0.0063968874;0.0021843598;0.0005136215
0.071014225;0.06334177;0.05615657;0.04624711;0.034830205;0.022062978;0.0122898575;0.0064002206;0.0021865699;0.00051649194
0.071008645;0.063335344;0.056149993;0.046240844;0.034823246;0.022056978;0.012287675;0.0064008012;0.002186909;0.00051706476
0.07102845;0.06335825;0.056168884;0.046267413;0.03484182;0.022075677;0.012304278;0.0064106327;0.0021950563;0.0005224293
0.071134225;0.06348032;0.056289732;0.046390716;0.03496838;0.022187347;0.012354244;0.006410871;0.0021973914;0.00051847345
0.07104904;0.06338201;0.05619199;0.04629181;0.03486588;0.022097165;0.012314805;0.006411759;0.0021963697;0.0005223411
0.071232036;0.0635934;0.0563922;0.046513706;0.03507262;0.022285197;0.012419112;0.0064361505;0.0022192271;0.00053037377
0.07118537;0.06353955;0.05633826;0.04645987;0.035015933;0.022235546;0.012398147;0.006437525;0.0022193885;0.00053307053
0.0713992;0.06378668;0.056574393;0.046717525;0.035260387;0.02245668;0.012516914;0.006461587;0.0022424506;0.00053950446
0.071396366;0.06378336;0.056573488;0.046711963;0.035260208;0.022455044;0.012510897;0.0064552994;0.0022374543;0.00053570897
0.071531825;0.06394009;0.0567201;0.04687842;0.03541088;0.022593502;0.012593002;0.0064795827;0.0022590589;0.0005452701
0.071544595;0.063954815;0.056736656;0.046891473;0.035428848;0.02260814;0.01259527;0.0064745154;0.0022553103;0.000541596
0.07154448;0.06395477;0.05673299;0.04689479;0.03542383;0.022605967;0.012602349;0.0064840917;0.002262832;0.0005475528
0.07162908;0.064052746;0.05682207;0.047001325;0.035514444;0.022691038;0.012659105;0.006506523;0.0022819752;0.0005579677
0.07160117;0.064020425;0.056792766;0.046966054;0.03548467;0.022663016;0.012640151;0.006498831;0.0022754334;0.0005543546
0.07163417;0.06405863;0.05682878;0.04700643;0.03552176;0.022696944;0.012659803;0.0065042255;0.00228026;0.00055632624
0.07168406;0.06411639;0.05688386;0.047066815;0.035578705;0.022748606;0.012688241;0.006510676;0.0022862076;0.00055824255
0.07165766;0.06408584;0.05685319;0.04703632;0.035546474;0.022720382;0.012676252;0.0065113767;0.0022862924;0.0005597855
0.0716843;0.06411657;0.056888178;0.04706315;0.03558458;0.022751207;0.012680145;0.006499664;0.0022775717;0.0005514014
0.07176839;0.06421405;0.05697458;0.047171272;0.03567165;0.022834577;0.012741361;0.00652832;0.0023015235;0.00056562445
0.07188943;0.06435428;0.05710875;0.04731765;0.03581044;0.02296033;0.012810177;0.0065435558;0.0023155268;0.0005698876
0.07183113;0.064286806;0.05704193;0.047249287;0.03574056;0.022898488;0.012781466;0.0065421727;0.0023134588;0.00057153206
0.071936175;0.064408496;0.05715865;0.04737611;0.035861377;0.02300781;0.01284084;0.006554879;0.0023251795;0.00057487766
0.07194645;0.0644203;0.057175547;0.04738313;0.035880767;0.023021655;0.0128354;0.006541057;0.0023145145;0.0005658725
0.071996175;0.06447807;0.057224434;0.047449477;0.035929147;0.02306976;0.012876739;0.006564771;0.0023339135;0.00057839
0.07204199;0.06453118;0.05727542;0.047504786;0.03598193;0.023117507;0.012902687;0.0065703457;0.0023390222;0.000579835
0.07205117;0.0645418;0.057287667;0.047513913;0.03599531;0.02312825;0.012903759;0.0065659233;0.0023357023;0.00057669356
0.072232395;0.06475196;0.057489906;0.047732517;0.036204766;0.02331755;0.013006149;0.0065874425;0.0023553814;0.0005819478
0.07237686;0.06491972;0.057647333;0.047911365;0.03636625;0.023466438;0.013097142;0.0066167954;0.0023805178;0.00059351727
0.07245133;0.0650062;0.05772923;0.048003145;0.03645043;0.023543682;0.013143076;0.006630482;0.0023923058;0.00059853104
0.072392866;0.06493842;0.057660215;0.04793582;0.036377788;0.023480358;0.013116946;0.006633004;0.0023934303;0.0006027819
0.0725414;0.06511094;0.057825044;0.048117798;0.03654765;0.023635343;0.013206106;0.006656859;0.0024142093;0.00061058404
0.07255477;0.06512658;0.05783611;0.04813811;0.03655766;0.023647185;0.013222328;0.006669896;0.0024245807;0.0006179805
0.07273118;0.0653314;0.058036633;0.04835029;0.036765732;0.02383415;0.01331999;0.006686896;0.0024402482;0.0006200391
0.07276577;0.0653715;0.05807834;0.048389502;0.03680983;0.02387217;0.013334197;0.00668363;0.0024381452;0.0006163604
0.07267229;0.06526314;0.057965193;0.048284076;0.036690004;0.023769196;0.013296977;0.0066939914;0.0024450065;0.00062722986
0.07271187;0.06530913;0.05800977;0.048332177;0.03673609;0.023810934;0.013319963;0.006699213;0.0024496033;0.0006285351
0.07280262;0.065414414;0.058116026;0.04843829;0.036847383;0.023908913;0.013364043;0.0066997;0.0024511556;0.00062443805
0.07301819;0.065665;0.05835478;0.04870536;0.037092395;0.024134323;0.013500917;0.0067433002;0.0024877025;0.00064045645
0.073081166;0.065738305;0.05842252;0.048785698;0.03716108;0.024199145;0.013546012;0.0067627477;0.0025035404;0.00064916234
0.07312165;0.06578533;0.058468528;0.04883479;0.037208665;0.024242185;0.013569651;0.0067681256;0.0025081588;0.000650376
0.07318643;0.065860726;0.05853851;0.048917323;0.037279673;0.024309097;0.013615939;0.0067879157;0.0025242278;0.00065912545
0.07322253;0.06590274;0.058577906;0.048962917;0.03731978;0.02434662;0.013640992;0.006797953;0.0025323879;0.0006633694
0.07336344;0.06606652;0.058738686;0.04913368;0.037486095;0.024496993;0.013723659;0.006817;0.0025485307;0.00066755695
0.07344447;0.06616074;0.058831483;0.049231775;0.037582126;0.024583729;0.01377112;0.006827767;0.0025576046;0.000669769
0.07344669;0.06616324;0.05883631;0.049232043;0.037587985;0.024587352;0.013767224;0.0068211686;0.0025524998;0.0006656242
0.073376834;0.066082224;0.05875032;0.04915392;0.03749674;0.02450933;0.013740024;0.0068300394;0.0025587738;0.0006747862
0.07340482;0.066114746;0.0587826;0.04918752;0.037530247;0.024539405;0.0137558235;0.0068329847;0.002561313;0.0006750873
0.07349055;0.06621437;0.058881454;0.049290612;0.037632793;0.024631571;0.013804689;0.006842567;0.0025694799;0.00067628763
0.073429465;0.06614339;0.0588101;0.049218103;0.037558444;0.024565391;0.013771886;0.0068384213;0.0025657495;0.00067707384
0.07341817;0.06613035;0.058795292;0.04920651;0.0375424;0.024552297;0.01376966;0.0068427054;0.002568977;0.00068029005
0.073504716;0.06623088;0.05889724;0.049308293;0.03764894;0.024646513;0.013814138;0.0068459534;0.0025722245;0.00067757914
0.07357578;0.06631366;0.058973424;0.049400136;0.037725747;0.02471986;0.013868434;0.006872071;0.002593048;0.0006895734
0.07364381;0.066392586;0.059057534;0.04947604;0.03781503;0.024796128;0.01389481;0.006863203;0.0025866819;0.0006804152
0.0736836;0.06643909;0.05909598;0.04953221;0.037852034;0.024834994;0.013935467;0.0068913247;0.0026087658;0.0006952848
0.07371206;0.0664721;0.059131686;0.049563423;0.0378901;0.024867188;0.013945412;0.0068861614;0.0026049565;0.00069055
0.07369293;0.066449806;0.05911056;0.04953923;0.03786859;0.024847068;0.013931893;0.0068806265;0.002600537;0.00068826583
0.07366003;0.066411644;0.059069976;0.049502455;0.037825543;0.024810236;0.013918905;0.0068846047;0.002603391;0.0006925201
0.07390183;0.06669292;0.059346758;0.049797274;0.038111188;0.02506976;0.014067208;0.00692483;0.0026360853;0.0007032007
0.073857635;0.06664164;0.059291884;0.04974805;0.038052935;0.025020028;0.01404999;0.0069305412;0.002640254;0.00070921064
0.07391011;0.06670256;0.059355892;0.04980778;0.03812047;0.025078475;0.0140731735;0.0069273687;0.002638097;0.0007042613
0.07391828;0.06671238;0.059356913;0.049827084;0.038118277;0.025082871;0.014098269;0.006955168;0.00265965;0.0007206293
0.073998034;0.066805;0.05945286;0.049919426;0.038218983;0.025171041;0.014137024;0.0069549484;0.0026598969;0.00071585254
0.074001685;0.06680934;0.05945484;0.04992639;0.03822016;0.025173817;0.014144648;0.00696263;0.0026658578;0.0007202881
0.07405704;0.066873655;0.059522048;0.049990006;0.03829087;0.025235383;0.014170511;0.006961048;0.0026648922;0.0007160678
0.07419574;0.06703518;0.05967875;0.05016259;0.03845135;0.025383605;0.014264214;0.0069950977;0.0026917767;0.00072838145
0.07423556;0.067081764;0.059718054;0.05021867;0.038489282;0.025423255;0.014305369;0.0070235766;0.0027139043;0.00074316445
0.07428296;0.06713676;0.059777405;0.050271235;0.03855234;0.02547697;0.014323644;0.0070170853;0.0027090458;0.00073636946
0.07424124;0.06708829;0.05972717;0.050222695;0.038499698;0.025430722;0.014302615;0.007016303;0.0027083098;0.0007384357
0.07429825;0.06715463;0.05979302;0.0502922;0.038567644;0.025492476;0.014338268;0.0070264624;0.0027163303;0.0007410947
0.074490294;0.06737837;0.060011923;0.0505305;0.038792066;0.02569926;0.0144678;0.0070728194;0.0027525248;0.0007571299
0.07453358;0.06742896;0.06005779;0.050588362;0.03883762;0.025744151;0.014506195;0.007095292;0.0027699042;0.0007679223
0.074544646;0.06744192;0.060069114;0.050603688;0.038848676;0.025755439;0.014517133;0.00710249;0.0027754672;0.0007715492
0.07466335;0.06757999;0.060210925;0.05074408;0.038996488;0.025886804;0.014582805;0.0071120574;0.0027829385;0.00076973514
0.0745964;0.0675022;0.060129035;0.05066707;0.038910393;0.025811734;0.014550494;0.0071128737;0.0027835174;0.00077450543
0.07465422;0.06756951;0.060197465;0.050736286;0.038981445;0.02587542;0.014584307;0.0071199015;0.0027889716;0.000775031
0.074634105;0.06754619;0.060171276;0.050715014;0.038953304;0.025852077;0.014578655;0.007125458;0.0027932283;0.0007796536
0.07471295;0.06763798;0.06026412;0.050809942;0.0390495;0.02593869;0.014626107;0.0071368013;0.002801995;0.00078139047
0.07467821;0.067597665;0.060220424;0.050771352;0.03900311;0.02589911;0.014612271;0.0071410807;0.002805278;0.00078620313
0.07470098;0.0676242;0.060246296;0.050799884;0.039029542;0.025923666;0.014628433;0.0071475683;0.0028102733;0.000788627
0.07479575;0.067734376;0.06036231;0.050909095;0.039151423;0.026030079;0.014674821;0.0071471687;0.0028099618;0.0007822286
0.07478103;0.06771749;0.06033862;0.050898775;0.039124347;0.026010714;0.0146822035;0.007166329;0.0028246965;0.0007946755
0.074822694;0.06776583;0.060392518;0.05094344;0.039182074;0.02605896;0.014695288;0.0071565695;0.0028171751;0.0007860959
0.07479794;0.06773723;0.060358025;0.050919835;0.039144214;0.026029067;0.014693931;0.007170762;0.002828097;0.0007962265
0.07486431;0.067814454;0.060437538;0.050998442;0.03922703;0.026102766;0.014731245;0.0071767876;0.0028326814;0.0007954716
0.074969;0.067936726;0.060553472;0.051134042;0.039343894;0.026214454;0.014815795;0.007219782;0.0028655597;0.0008142329
0.075103916;0.06809381;0.060713664;0.0512963;0.039509922;0.02636386;0.014897646;0.0072396463;0.0028805044;0.00081698125
0.075082585;0.0680691;0.060685508;0.051274054;0.039479584;0.026338853;0.01489219;0.0072462754;0.0028856453;0.00082239497
0.07509397;0.06808233;0.060699243;0.051287428;0.039493915;0.026351556;0.014898457;0.0072471304;0.0028862744;0.0008221324
0.07504882;0.0680298;0.060645133;0.051233746;0.03943763;0.026301306;0.014872357;0.0072421655;0.0028825775;0.00082223164
0.07513861;0.06813421;0.0607554;0.051337447;0.03955338;0.026402576;0.014917483;0.00724315;0.0028830941;0.0008167011
0.075114205;0.068105966;0.060721863;0.051313553;0.03951676;0.026373304;0.01491469;0.007255247;0.0028924455;0.0008255982
0.075226545;0.068236895;0.06085415;0.051450476;0.03965325;0.026497357;0.014987174;0.007277314;0.0029089935;0.00083102495
0.075246975;0.06826071;0.060878035;0.051475555;0.03967782;0.026519835;0.015000833;0.0072819563;0.0029124785;0.00083237636
0.07528904;0.06830986;0.060924873;0.05153025;0.03972497;0.026565032;0.015035657;0.007300194;0.0029262865;0.0008403148
0.0753759;0.06841105;0.061027706;0.051635794;0.03983116;0.02666136;0.015091372;0.007316728;0.0029385546;0.00084404316
0.07536137;0.06839432;0.06100645;0.051623143;0.039807495;0.026643313;0.0150931515;0.0073284144;0.0029475726;0.00085203117
0.075560644;0.06862655;0.061242983;0.051865406;0.04005174;0.026864935;0.015221755;0.0073671313;0.0029761037;0.00086078135
0.0755691;0.06863643;0.061251976;0.05187698;0.04006058;0.026873846;0.015230136;0.0073725786;0.002980221;0.00086341053
0.075567275;0.06863427;0.061250325;0.05187408;0.040059105;0.026872054;0.015227463;0.0073702876;0.0029784772;0.00086217973
0.0756563;0.068738505;0.061347045;0.051994003;0.04015498;0.026967056;0.015311403;0.007421895;0.0030173305;0.00088631245
0.075752325;0.06885028;0.06146465;0.052106872;0.040277727;0.027075814;0.0153652765;0.007429852;0.0030226957;0.0008839294
0.07583746;0.06894965;0.061563324;0.052214272;0.04037828;0.027169755;0.015429682;0.0074584535;0.0030438446;0.00089450617
0.07576775;0.06886841;0.061479747;0.052129805;0.040291876;0.02709154;0.015384773;0.007445209;0.0030343044;0.0008918842
0.07579331;0.06889841;0.061506417;0.05216586;0.040317718;0.027118396;0.015412662;0.007464881;0.003049116;0.00090162514
0.07584279;0.0689561;0.061565373;0.052226298;0.040378504;0.027173758;0.015445665;0.007475742;0.0030569902;0.0009043387
0.07587586;0.06899456;0.06160655;0.052264445;0.04042171;0.02721157;0.015462698;0.0074764746;0.0030572668;0.0009022797
0.07587069;0.06898878;0.061596207;0.05226352;0.040409215;0.027203895;0.015471386;0.0074910726;0.0030684457;0.00091130653
0.0759022;0.0690255;0.061633904;0.052301876;0.040448107;0.02723924;0.015492207;0.007497718;0.0030732318;0.00091284845
0.07597308;0.069107905;0.061722614;0.05238323;0.04054135;0.027320577;0.015527878;0.0074981614;0.0030729198;0.00090771023
0.07592611;0.06905334;0.061662756;0.052330647;0.040478002;0.027266178;0.01550724;0.0075017693;0.0030761082;0.000913432
0.07589755;0.06901986;0.061631866;0.05229166;0.040447563;0.027235616;0.015478831;0.0074833827;0.0030623458;0.0009047272
0.07594869;0.0690794;0.0616946;0.052351993;0.04051297;0.027293723;0.015508246;0.0074884742;0.0030657614;0.0009038475
0.075923234;0.069049925;0.06166027;0.05232589;0.040475868;0.02726338;0.015502518;0.007497511;0.003072889;0.00091113173
0.07594731;0.06907808;0.0616879;0.05235681;0.04050383;0.027289884;0.015522029;0.00750723;0.0030800747;0.0009150422
0.07596673;0.06910071;0.06171086;0.0523808;0.040527407;0.027311562;0.015535705;0.0075124176;0.0030838503;0.00091662793
0.07604179;0.06918815;0.06180251;0.052470118;0.0406227;0.027396722;0.015580734;0.007522241;0.003090602;0.0009166604
0.076128274;0.06928922;0.06190156;0.052581664;0.040722765;0.027491987;0.015652463;0.0075592278;0.0031178785;0.0009317819
0.07608632;0.06924055;0.061847404;0.052535534;0.040665213;0.02744305;0.015635703;0.007564632;0.0031224433;0.00093823683
0.07621245;0.0693875;0.06200125;0.052686326;0.04082492;0.027586311;0.015713505;0.0075837807;0.003135635;0.00093965046
0.076247185;0.06942797;0.062043093;0.0527286;0.040868104;0.027625557;0.015736708;0.007591337;0.0031409857;0.00094135833
0.07627721;0.069463395;0.06207208;0.052774705;0.04089476;0.027656361;0.01577862;0.0076261107;0.003167082;0.0009594564
0.07629274;0.06948142;0.062093135;0.052790575;0.04091753;0.027674958;0.015782049;0.0076205004;0.003162632;0.00095492153
0.07635858;0.06955823;0.062171675;0.05287205;0.04099813;0.027749132;0.015829232;0.007638883;0.0031757934;0.0009604643
0.0764554;0.06967154;0.06228248;0.052998394;0.0411096;0.027856298;0.015913866;0.007685557;0.0032099928;0.000980071
0.07646248;0.06967941;0.062296666;0.052999455;0.041126803;0.027866738;0.015901301;0.0076647606;0.003194103;0.00096727797
0.07647437;0.069693744;0.06230395;0.053023513;0.04113106;0.02787721;0.015931329;0.007695825;0.0032175384;0.0009845573
0.076640636;0.06988761;0.062505886;0.053225785;0.041339505;0.028066626;0.016043585;0.007733036;0.0032434086;0.0009927012
0.07652134;0.069748655;0.062358685;0.053083703;0.04118652;0.0279297;0.01596998;0.007715312;0.0032316863;0.000992158
0.07658956;0.06982808;0.06244389;0.053163584;0.04127554;0.028008431;0.016008828;0.0077212555;0.0032352193;0.0009900234
0.076639086;0.06988618;0.06249843;0.053231526;0.041329224;0.028062534;0.016060147;0.007755384;0.0032603825;0.0010059262
0.07667018;0.06992249;0.06253584;0.053270016;0.041367617;0.028097857;0.016082726;0.0077643413;0.0032667075;0.0010085821
0.076675475;0.06992845;0.062545165;0.05327246;0.04137859;0.028105095;0.016077096;0.0077536767;0.003258542;0.0010018944
0.076714724;0.06997442;0.06259064;0.053323463;0.04142443;0.02814899;0.016111251;0.0077722697;0.0032720328;0.001009498
0.076731056;0.06999317;0.06261423;0.05333823;0.0414505;0.028169177;0.016110571;0.0077608265;0.003263102;0.0010014235
0.0767383;0.0700018;0.06262058;0.053350464;0.04145591;0.028176446;0.016123401;0.0077726617;0.003271962;0.0010077455
0.07672258;0.06998371;0.06259793;0.0533362;0.04143088;0.028157031;0.016123937;0.007783511;0.0032804313;0.0010154148
0.076735;0.06999818;0.062613055;0.053351272;0.041446507;0.028171226;0.016132317;0.0077862823;0.0032823388;0.0010159976
0.076823965;0.070102185;0.062718496;0.053463914;0.041553862;0.028271824;0.016203146;0.007819863;0.0033063474;0.0010281155
0.07682431;0.07010235;0.06272228;0.053459693;0.04155934;0.028273594;0.01619257;0.0078060217;0.0032958589;0.0010199927
0.07681714;0.070093945;0.06271379;0.053450525;0.041550707;0.028265469;0.016186714;0.0078031495;0.0032937978;0.0010189234
0.07688415;0.070172206;0.06279458;0.053533718;0.041633543;0.028341886;0.01623628;0.007823518;0.0033081062;0.0010251122
0.07687996;0.07016739;0.062788874;0.05352948;0.041627377;0.028336853;0.016235378;0.007825064;0.0033093505;0.0010263748
0.07695417;0.07025434;0.06287421;0.05362749;0.041712843;0.028419875;0.01630421;0.007865526;0.0033386974;0.0010436247
0.07694726;0.07024595;0.06286995;0.053613096;0.041710455;0.028413601;0.016285585;0.00784607;0.0033240947;0.0010328656
0.076984525;0.07028975;0.06291112;0.05366479;0.04175082;0.028454661;0.016325936;0.007873803;0.0033444257;0.001045833
0.07699947;0.070306994;0.06293236;0.05367895;0.041774094;0.02847303;0.016326763;0.007865176;0.0033376305;0.0010395006
0.07698592;0.07029139;0.062912434;0.053667024;0.04175198;0.028456103;0.016328176;0.007875786;0.003345901;0.0010468685
0.07695772;0.07025857;0.062877186;0.053633694;0.04171527;0.028423399;0.01631107;0.007872056;0.0033435747;0.0010471332
0.07731232;0.070673116;0.06330246;0.054081105;0.042148843;0.028828628;0.016593644;0.008005011;0.003437265;0.0010932661
0.07725245;0.07060321;0.06322901;0.054007564;0.04207328;0.028759424;0.016550338;0.007988288;0.0034258612;0.0010889182
0.07741891;0.07079758;0.06343266;0.05421321;0.042282432;0.028951785;0.016673725;0.008038519;0.0034602988;0.0011030654
0.07736929;0.07073992;0.06336864;0.054156665;0.04221507;0.028893158;0.016648067;0.008037812;0.0034608247;0.0011071679
0.07739095;0.070765056;0.06339732;0.05418034;0.042245574;0.02891903;0.016656822;0.008034975;0.0034582256;0.0011035521
0.07752895;0.07092643;0.06356405;0.054354705;0.0424155;0.029078048;0.016768798;0.008088855;0.0034958175;0.0011221569
0.07753138;0.07092926;0.063567124;0.054357544;0.04241872;0.0290809;0.016770251;0.008089142;0.0034959842;0.0011221019
0.07751921;0.070914805;0.06355518;0.054338083;0.042407937;0.02906787;0.016750647;0.00807194;0.0034832917;0.0011132506
0.07753648;0.070935264;0.063573286;0.05436407;0.04242497;0.029086791;0.016774556;0.008091333;0.0034975172;0.0011228989
0.07753002;0.0709278;0.063564256;0.05435767;0.04241517;0.029078893;0.0167735;0.008094175;0.0034998024;0.0011251399
0.077541605;0.070941195;0.06358029;0.05436936;0.04243252;0.029093003;0.016775897;0.008089716;0.0034961845;0.0011214879
0.07771024;0.071138814;0.06378065;0.054588944;0.042634517;0.0292867;0.016929114;0.008176198;0.003557356;0.0011557909
0.07767559;0.07109782;0.06374391;0.05453702;0.042599864;0.029248416;0.016881317;0.00813761;0.0035291472;0.001136733
0.07769255;0.07111767;0.0637642;0.054558896;0.042620387;0.029267952;0.016896281;0.008145737;0.0035348576;0.0011398415
0.07781218;0.07125822;0.063903436;0.054719947;0.04275894;0.029404711;0.01701811;0.008223681;0.0035905556;0.0011735447
0.07773041;0.07116259;0.06380299;0.05461776;0.042656153;0.029309347;0.016953643;0.0081944475;0.0035705895;0.0011644303
0.07779515;0.07123797;0.0638866;0.054692425;0.042743824;0.029386243;0.016989702;0.008198467;0.0035720253;0.0011606077
0.07784616;0.071297556;0.063949436;0.054755878;0.042808212;0.029445805;0.017029343;0.008215985;0.00358392;0.0011658582
0.07777932;0.07121948;0.06386627;0.054673903;0.04272259;0.029367462;0.016980285;0.008196738;0.0035711196;0.0011611194
0.07780629;0.07125114;0.063898064;0.05470969;0.042754423;0.029398464;0.01700653;0.008212731;0.0035824727;0.0011677882
0.07778039;0.07122116;0.06386327;0.054681934;0.04271727;0.029367251;0.01699708;0.008217458;0.003586668;0.0011729805
0.07775167;0.07118736;0.06383023;0.054642595;0.042684615;0.029334519;0.016966231;0.008196722;0.003571785;0.0011637332
0.077830814;0.07127981;0.06392837;0.054740086;0.042785525;0.029427147;0.017025292;0.008220768;0.003587902;0.001170086
0.07784557;0.071297236;0.06394481;0.05476117;0.04280146;0.0294438;0.017043296;0.00823416;0.0035975936;0.0011764029
0.07792944;0.07139508;0.06405066;0.05486209;0.04291109;0.029542755;0.017100357;0.00825249;0.003609212;0.0011789014
0.077896;0.071356356;0.06400502;0.054827064;0.04286209;0.029502116;0.017090144;0.008261191;0.0036166157;0.0011871525
0.07794547;0.07141426;0.06406544;0.054889753;0.042923637;0.029559843;0.0171315;0.008281816;0.0036308202;0.0011942612
0.07805133;0.07153835;0.06419349;0.055026382;0.043053217;0.029683165;0.017226204;0.008333756;0.0036669779;0.0012138523
0.07799069;0.07146731;0.0641195;0.054949045;0.04297801;0.02961228;0.017174138;0.008306792;0.0036483735;0.0012042553
0.0779872;0.071462795;0.06412007;0.054937147;0.042981155;0.029609807;0.01715313;0.008282281;0.0036300686;0.0011904724
0.077987336;0.07146313;0.06411837;0.05494014;0.04297846;0.029609337;0.017160106;0.008291099;0.0036366847;0.0011955434
0.07798761;0.07146375;0.0641153;0.05494584;0.04297351;0.02960855;0.017173234;0.00830764;0.0036490918;0.0012050413
0.07801469;0.07149501;0.06415306;0.05497294;0.043014422;0.029641725;0.017178534;0.008296816;0.0036402445;0.0011961672
0.07804361;0.07152941;0.06418298;0.055018246;0.04304196;0.029673794;0.017223706;0.008335585;0.0036685572;0.0012156582
0.07811361;0.07161106;0.06427183;0.055102296;0.04313404;0.029756805;0.017271291;0.008350724;0.0036780012;0.001217488
0.078213334;0.0717276;0.06439653;0.055225328;0.0432622;0.029874617;0.017347364;0.00838277;0.003699221;0.0012260093
0.07815496;0.071659766;0.06431975;0.055159308;0.043181296;0.029804451;0.017317344;0.008382479;0.0037006522;0.001231648
0.078339376;0.071875215;0.06455164;0.055385634;0.043420024;0.030023078;0.017455593;0.008438486;0.0037372846;0.001245328
0.07832523;0.07185917;0.06452925;0.05537564;0.043394532;0.030004892;0.01746295;0.008457044;0.0037515927;0.0012574012
0.07827514;0.0718001;0.06447137;0.055305757;0.043337725;0.029946988;0.01740481;0.008415681;0.003722095;0.0012387224
0.07836686;0.0719074;0.06458555;0.055420563;0.04345454;0.030055523;0.017479198;0.008450625;0.0037455526;0.0012495078
0.07842658;0.07197809;0.0646528;0.055507183;0.04351937;0.030124232;0.017556863;0.008510454;0.0037885108;0.0012777052
0.07853177;0.07210113;0.06478481;0.055638105;0.04365469;0.030249443;0.017640965;0.008548798;0.003813915;0.0012888343
0.0785223;0.07208985;0.06477457;0.055623524;0.04364512;0.030238613;0.01762652;0.008536642;0.00380513;0.0012828659
0.07838671;0.07193111;0.06460595;0.055452496;0.043473035;0.030077767;0.01751266;0.008480233;0.0037671137;0.0012644634
0.07838665;0.07193126;0.06460403;0.05545553;0.04347005;0.030077178;0.017520148;0.00848976;0.003774239;0.0012699193
0.07847181;0.07203069;0.06471236;0.055558763;0.043581996;0.030178837;0.01758142;0.008512228;0.0037884484;0.0012740879
0.07861434;0.07219762;0.06488964;0.055739254;0.04376269;0.030348236;0.017703263;0.00857412;0.0038302084;0.00129474
0.07859692;0.07217734;0.064866625;0.05571934;0.0437385;0.030327126;0.017693665;0.008573292;0.0038301449;0.0012960788
0.07868889;0.07228532;0.0649796;0.05583881;0.043852657;0.030436309;0.01778001;0.008622907;0.0038642073;0.0013147981
0.07856518;0.072140396;0.06482524;0.05568225;0.04369527;0.030288834;0.0176741;0.008569123;0.003828049;0.0012970031
0.078553654;0.072126955;0.064810306;0.055668678;0.04367972;0.030274983;0.017666733;0.008567264;0.0038270208;0.0012971261
0.07866521;0.072257765;0.064948335;0.05581166;0.04381984;0.030407595;0.017766666;0.0086214105;0.0038638657;0.0013164284
0.07869862;0.0722968;0.06499065;0.05585292;0.043863315;0.030447617;0.017792867;0.008632886;0.0038713354;0.0013194727
0.078674726;0.07226914;0.06495817;0.0558272;0.043828703;0.030418416;0.017783463;0.008636491;0.0038748083;0.0013240334
0.07867233;0.07226637;0.06495484;0.05582474;0.043825112;0.030415462;0.017782826;0.008637248;0.0038754535;0.0013247165
0.07877056;0.07238149;0.06507751;0.055949464;0.043950062;0.03053286;0.01786836;0.008681674;0.0039053254;0.0013396835
0.0787783;0.0723904;0.06508848;0.05595708;0.04396198;0.030542448;0.017869616;0.008678222;0.0039024923;0.0013368966
0.07890792;0.07254235;0.06525083;0.05612178;0.044127315;0.03069789;0.017983343;0.008737771;0.003942422;0.001356951
0.078919336;0.07255569;0.06526533;0.056135982;0.044142187;0.030711638;0.017992597;0.008742046;0.0039452063;0.0013581554
0.07901409;0.07266664;0.065385476;0.05625455;0.044265166;0.030825928;0.018071583;0.0087802;0.003970254;0.0013695867
0.07905157;0.07271076;0.06543113;0.056304827;0.04431078;0.030870752;0.018111406;0.008806127;0.0039881994;0.0013802364
0.079035476;0.07269209;0.06540911;0.05628747;0.044287324;0.030850947;0.018104935;0.008808433;0.003990501;0.0013832997
0.079143755;0.072819084;0.06554562;0.056425303;0.044426307;0.030981775;0.018201545;0.008859894;0.0040248055;0.0014006251
0.07918785;0.072870634;0.065602824;0.056478713;0.04448545;0.03103549;0.018234199;0.008872385;0.004032439;0.0014028295
0.07918711;0.072870515;0.06559613;0.05648826;0.044475175;0.031033415;0.018259909;0.00890529;0.004056924;0.0014215582
0.07919529;0.07288013;0.06560624;0.056499057;0.04448533;0.031043269;0.01826825;0.008910499;0.004060488;0.0014236053
0.07927378;0.07297166;0.06570979;0.056591433;0.04459328;0.031139404;0.018319704;0.0089242365;0.0040677004;0.0014226367
0.07922542;0.072915584;0.065643564;0.056538936;0.04452283;0.031079674;0.01829913;0.008929809;0.004073691;0.0014311902
0.07928078;0.07298006;0.06571703;0.056603283;0.044599663;0.031147573;0.018333491;0.008937074;0.004076964;0.0014291224
0.07926159;0.07295808;0.06568894;0.05658581;0.044568766;0.031123526;0.018333774;0.008949922;0.004087246;0.0014385395
0.0792972;0.07299953;0.06573655;0.056626637;0.044618737;0.031167295;0.01835443;0.0089527555;0.0040879766;0.0014361555
0.07933189;0.07304056;0.06577793;0.056675687;0.044659264;0.031209022;0.018398149;0.008985246;0.004110746;0.0014506348
0.07941887;0.07314226;0.06589118;0.05678159;0.044776194;0.031315587;0.018464517;0.0090121385;0.0041272696;0.0014560015
0.07942353;0.07314806;0.06589474;0.05679199;0.044778347;0.031320862;0.018480096;0.009028712;0.004139376;0.0014648323
0.079476975;0.07321043;0.06596537;0.056855343;0.04485183;0.031386644;0.01851667;0.00903991;0.0041455273;0.0014650582
0.07947363;0.07320709;0.06595723;0.05685839;0.044841148;0.031381898;0.018532235;0.009061677;0.0041618077;0.0014777344
0.079512514;0.07325233;0.06600945;0.056902982;0.044895936;0.03142992;0.018555097;0.009065101;0.004162763;0.0014752133
0.0794657;0.073198;0.065945536;0.056851305;0.04482825;0.031371936;0.0185327;0.009067427;0.0041663824;0.0014818776
0.07955199;0.07329879;0.066058666;0.05695548;0.04494533;0.03147809;0.018596847;0.009091893;0.004180996;0.001485788
0.07951723;0.073258564;0.06601067;0.05691819;0.04489417;0.03143494;0.01858285;0.009096934;0.004186157;0.0014926228
0.07960573;0.07336167;0.066128716;0.057021543;0.04501746;0.031544276;0.01863984;0.009110894;0.0041928436;0.0014902893
0.07963096;0.07339224;0.06615494;0.05706551;0.045040317;0.03157441;0.018693253;0.009161567;0.004229312;0.0015159075
0.079723686;0.07350071;0.06627655;0.05717864;0.045165822;0.03168901;0.018765692;0.009192072;0.0042479467;0.0015222514
0.07971354;0.073489174;0.06626094;0.057170756;0.045148276;0.03167615;0.018769305;0.009203238;0.0042566443;0.0015297225
0.07971068;0.073486;0.06625609;0.05716943;0.045142584;0.031672474;0.018772643;0.009209286;0.0042612394;0.0015334575
0.07975856;0.07354213;0.0663183;0.05722923;0.04520636;0.03173168;0.018813685;0.0092295725;0.004274184;0.0015392404
0.07974084;0.07352149;0.066294596;0.05720847;0.04518162;0.031709682;0.018801976;0.009226433;0.0042726267;0.0015395593
0.07980423;0.073595464;0.06637892;0.05728384;0.045269266;0.031788357;0.0188467;0.009241213;0.004280802;0.0015403929
0.079833314;0.073629975;0.066414125;0.057325505;0.045303643;0.031824097;0.01888552;0.009270942;0.0043015005;0.0015536454
0.0798478;0.07364708;0.06643215;0.057345256;0.04532158;0.031841956;0.01890233;0.0092825815;0.004309464;0.0015584633
0.079885066;0.07369045;0.06648269;0.057387896;0.045374636;0.03188842;0.0189244;0.009285927;0.004310284;0.0015559054
0.07989561;0.07370262;0.06649756;0.05739875;0.045390606;0.031901613;0.018927546;0.009283002;0.004307653;0.0015530081
0.079934716;0.073749214;0.06654425;0.05745656;0.04543561;0.031949814;0.01898458;0.009328974;0.0043398533;0.0015741196
0.0799534;0.07377079;0.06657068;0.057475872;0.045463998;0.031973273;0.018990245;0.009323856;0.004335231;0.0015690047
0.07998175;0.073804274;0.06660613;0.05751451;0.045499295;0.03200839;0.019023279;0.009346764;0.0043508597;0.0015784476
0.07997178;0.07379284;0.06659186;0.057504654;0.04548385;0.031995893;0.019021343;0.009350836;0.004354316;0.0015819229
0.08000144;0.07382732;0.066632286;0.05753839;0.045526356;0.03203299;0.01903846;0.009352904;0.004354492;0.0015795077
0.079958834;0.073778085;0.0665724;0.0574937;0.04546223;0.031979553;0.019023664;0.009362191;0.0043632863;0.0015898421
0.08001243;0.07384057;0.06664445;0.057556666;0.045537367;0.032046493;0.019059882;0.009372579;0.0043685148;0.0015892093
0.080030374;0.07386215;0.066664964;0.057585366;0.045556407;0.032068674;0.019091848;0.009400887;0.00438857;0.0016028872
0.08009018;0.073932156;0.06674397;0.05765879;0.0456378;0.032143384;0.01914072;0.009423044;0.0044021457;0.0016080295
0.080091745;0.07393415;0.06674512;0.057662725;0.045638353;0.0321453;0.019147206;0.009430129;0.004407295;0.0016118048
0.080095455;0.07393855;0.06674984;0.05766774;0.045643076;0.03214995;0.019151395;0.00943294;0.004409196;0.0016129224
0.08012216;0.07396955;0.06678663;0.05769746;0.045681953;0.03218346;0.019165276;0.00943287;0.004407893;0.0016096241
0.08014561;0.07399809;0.066811815;0.05773881;0.045703955;0.03221254;0.019217297;0.009482633;0.004443466;0.001634575
0.080262;0.07413405;0.06696806;0.057877988;0.04586614;0.032358743;0.019303182;0.009513985;0.004460997;0.0016377503
0.0802488;0.07411934;0.066946626;0.05787024;0.0458414;0.03234203;0.019314535;0.009536793;0.0044784322;0.0016521167
0.08025692;0.07412913;0.06695569;0.057883903;0.045849577;0.03235218;0.019331004;0.009552084;0.0044892984;0.0016596443
0.08031393;0.07419546;0.0670339;0.057948813;0.04593178;0.032424007;0.01936464;0.009556854;0.0044900323;0.0016552217
0.08034831;0.074236006;0.06707841;0.057993963;0.045976732;0.032467343;0.01940078;0.009579515;0.0045050206;0.001663567
0.08034189;0.0742286;0.067069024;0.057987787;0.04596652;0.0324592;0.019400032;0.009582793;0.0045077526;0.001666202
0.080368444;0.074260265;0.06710151;0.058026873;0.045997974;0.032492682;0.019439155;0.009614294;0.0045296145;0.0016804354
0.08036269;0.07425386;0.06709221;0.05802349;0.04598724;0.032485433;0.019444082;0.0096242;0.0045371884;0.0016866731
0.0804389;0.074342765;0.06719582;0.058112986;0.046095297;0.032581724;0.019496568;0.009639889;0.0045449226;0.0016858336
0.08042449;0.074326485;0.067173526;0.05810208;0.04607021;0.032563522;0.019502573;0.009656809;0.004558081;0.0016970693
0.0805049;0.07442108;0.06727925;0.05820518;0.046177827;0.032665424;0.01958114;0.009702235;0.0045874035;0.0017121697
0.08064823;0.07458993;0.0674673;0.0583914;0.04636853;0.0328478;0.019728508;0.009792144;0.0046459986;0.0017437746
0.08061573;0.07455231;0.06742135;0.058356762;0.046319526;0.032806545;0.01971527;0.009796916;0.0046512047;0.0017506054
0.080700055;0.074651055;0.06753519;0.058459587;0.046437114;0.032914013;0.01978431;0.00982772;0.0046693627;0.001756812
0.08066498;0.07461029;0.06748632;0.058420256;0.04638557;0.03286936;0.01976483;0.009826425;0.00467027;0.0017606346
0.080715805;0.07467036;0.067552686;0.058487915;0.046452392;0.032934442;0.019821716;0.009863973;0.0046951086;0.0017748664
0.08080202;0.07477149;0.06766853;0.058595188;0.046571385;0.033044748;0.019898467;0.009903049;0.004719125;0.0017852855
0.08079102;0.074758634;0.06765352;0.058581978;0.046555813;0.033030666;0.01988998;0.0098996945;0.0047172597;0.0017848634
0.08080958;0.07478006;0.06767998;0.058601484;0.046584107;0.0330543;0.019896839;0.009896072;0.0047135986;0.0017804278
0.080786556;0.07475363;0.06764667;0.05857856;0.046548128;0.03302506;0.0198917;0.009904748;0.004721204;0.0017882457
0.08086051;0.07484117;0.067742944;0.058678783;0.046644524;0.03312032;0.019979917;0.009966029;0.0047620647;0.0018124531
0.08087404;0.07485678;0.067762166;0.05869309;0.046665043;0.033137538;0.019985236;0.0099637965;0.0047596917;0.0018094413
0.08093038;0.07492285;0.067838505;0.05876258;0.04674367;0.033209972;0.020034064;0.009987574;0.0047739865;0.001815137
0.080920525;0.074912034;0.06782204;0.058758155;0.04672435;0.03319772;0.020046484;0.010009475;0.0047905627;0.0018285506
0.08099721;0.0750027;0.06792311;0.058860473;0.046826106;0.033297025;0.020134242;0.010068232;0.004829256;0.0018507927
0.08105056;0.075065486;0.0679948;0.058928505;0.04689929;0.03336606;0.020186884;0.010098632;0.004848466;0.0018604309
0.08109124;0.075112924;0.068051234;0.058975972;0.046958223;0.033418454;0.020215139;0.010107039;0.0048522856;0.0018595965
0.08104397;0.07505794;0.06798509;0.058922358;0.046888668;0.033357702;0.020186543;0.01010252;0.004851682;0.0018634573
0.081079766;0.075099364;0.068035915;0.058960967;0.04694271;0.033403546;0.020202763;0.01009921;0.004847221;0.0018568242
0.08107719;0.07509686;0.06803046;0.05896291;0.046935532;0.033400603;0.020214489;0.010115445;0.004859234;0.0018661236
0.08109433;0.07511749;0.068051755;0.058989473;0.046955835;0.033423204;0.020244323;0.01014122;0.0048770867;0.001878022
0.0811691;0.07520506;0.06815441;0.059080154;0.04706207;0.03352;0.020305708;0.010168338;0.0048925774;0.0018828476
0.08115044;0.07518351;0.06812764;0.059060544;0.047033455;0.033496078;0.020298667;0.010171839;0.004896215;0.0018873084
0.081184424;0.07522415;0.06817113;0.059110418;0.047075868;0.033540882;0.02035037;0.010213662;0.00492478;0.0019057202
0.08125591;0.07530747;0.06827095;0.05919324;0.047180332;0.03363333;0.020398736;0.010226726;0.0049301134;0.0019031516
0.08124645;0.075297065;0.06825551;0.05918835;0.047162384;0.033621658;0.020409038;0.010245701;0.00494452;0.0019148851
0.08132963;0.07539472;0.068369314;0.059291743;0.04727943;0.03373013;0.020484895;0.010285102;0.0049683126;0.001925118
0.081310906;0.07537308;0.06834237;0.059272073;0.04725063;0.033706047;0.020477753;0.010288544;0.0049719424;0.0019295888
0.08136575;0.07543756;0.06841728;0.05934103;0.047327437;0.03377779;0.020530008;0.010317257;0.0049895863;0.0019377922
0.08144951;0.07553662;0.068529926;0.059452027;0.047441237;0.033888265;0.020626009;0.010381091;0.005031006;0.0019611814
0.081413776;0.07549544;0.06847826;0.059414968;0.047385905;0.033842288;0.020613559;0.010389136;0.005039052;0.0019705738
0.081481494;0.07557465;0.06857236;0.059496388;0.04748351;0.033930786;0.020668235;0.010412326;0.0050517917;0.00197384
0.0814766;0.075569674;0.06856319;0.05949744;0.047471963;0.03392525;0.020683609;0.010434551;0.005068277;0.0019867064
0.0815739;0.07568432;0.06869629;0.059621885;0.04760787;0.034053765;0.020783275;0.010493852;0.0051053837;0.0020054982
0.08157046;0.07568064;0.06869032;0.059621222;0.04760065;0.034049705;0.020790216;0.010504693;0.005113489;0.0020119215
0.08160165;0.07571701;0.06873432;0.05965735;0.0476467;0.03409048;0.020811724;0.010510784;0.0051159584;0.0020108437
0.081652164;0.075776935;0.06880234;0.05972591;0.047714986;0.034158;0.02087491;0.010555654;0.0051453877;0.0020282103
0.08166981;0.0757986;0.06882405;0.059756555;0.047734786;0.034182657;0.020915775;0.010594491;0.005172488;0.0020469176
0.08172205;0.07585956;0.0688978;0.05981765;0.047811795;0.03425128;0.020953722;0.010607004;0.005178227;0.0020462787
0.08170945;0.07584569;0.06887749;0.05981078;0.047788315;0.03423591;0.020966765;0.01063139;0.0051967595;0.0020614066
0.08176546;0.07591173;0.068954796;0.059882276;0.047867335;0.034310542;0.021024473;0.010665779;0.005218112;0.002072131
0.0817953;0.07594706;0.06899558;0.059921898;0.047908586;0.034350626;0.021059569;0.010689445;0.0052333507;0.0020807404
0.08182071;0.07597673;0.069031425;0.059952013;0.0479459;0.034384184;0.021079317;0.010697098;0.005237244;0.0020812412
0.081810385;0.07596482;0.06901641;0.059941225;0.047929846;0.034370776;0.021075394;0.010699048;0.005239336;0.0020837982
0.08186695;0.076031685;0.0690943;0.060014978;0.048009023;0.034446716;0.021138396;0.010739518;0.0052649835;0.0020976567
0.08182655;0.07598473;0.069036394;0.05996965;0.047948003;0.034393683;0.021114254;0.010736334;0.00526534;0.0021017916
0.08195849;0.07614042;0.069219165;0.06013947;0.048134483;0.034570903;0.021255448;0.0108235385;0.0053198133;0.0021300402
0.08197178;0.07615651;0.06923663;0.06016016;0.048151262;0.034589507;0.021279946;0.010844942;0.0053344266;0.002139728
0.081965104;0.07614894;0.06922649;0.060154475;0.04814007;0.034581028;0.021281082;0.010850748;0.0053390893;0.002143875
0.08199516;0.07618445;0.0692683;0.060193233;0.048182726;0.034621604;0.021313556;0.010870936;0.005351685;0.0021504266
0.08207393;0.07627709;0.06937884;0.060291745;0.048296392;0.0347275;0.02139027;0.010913504;0.0053771515;0.0021619129
0.082061574;0.0762635;0.06935922;0.06028442;0.048273884;0.034712486;0.02140158;0.010935556;0.00539397;0.0021757295
0.082117945;0.07632913;0.069440104;0.06034913;0.04835873;0.034787282;0.021439977;0.010945669;0.0053974055;0.002172835
0.08212139;0.076333255;0.06944479;0.06035401;0.04836338;0.034792043;0.021445017;0.010949602;0.0054000136;0.002174457
0.082102925;0.07631241;0.06941666;0.060338676;0.04833223;0.03476871;0.02144933;0.010967074;0.0054139392;0.0021867005
0.08214153;0.07635845;0.06946959;0.06039232;0.048385143;0.034821942;0.021502595;0.011007152;0.005440275;0.0022026948
0.08216186;0.07638292;0.06949699;0.060422577;0.04841195;0.034850463;0.0215365;0.011035435;0.005459317;0.0022149887
0.08218373;0.07640806;0.06952921;0.060444772;0.04844657;0.034878936;0.021543048;0.011029081;0.0054531954;0.0022082678
0.082221806;0.07645285;0.069583006;0.060492292;0.048501924;0.03493046;0.02158026;0.011049736;0.0054654544;0.0022137354
0.0822801;0.076522574;0.069662854;0.060575254;0.048581216;0.03501176;0.021667019;0.011117928;0.005510635;0.002241889
0.08233492;0.076587036;0.06974083;0.060643055;0.04866168;0.035086166;0.02171899;0.011145591;0.005526697;0.0022485275
0.08232775;0.07658008;0.069727525;0.060646772;0.048644427;0.0350794;0.02174886;0.011186982;0.0055571157;0.0022720222
0.082394294;0.07665764;0.06982363;0.060723722;0.048745073;0.03516861;0.02179668;0.011201799;0.0055630114;0.0022698673
0.082358494;0.07661681;0.06977005;0.060689896;0.048686873;0.035122424;0.02179314;0.011221067;0.0055795186;0.0022857694
0.082379736;0.07664169;0.06980057;0.060715273;0.048718616;0.03515113;0.02181074;0.011228651;0.005583454;0.002286618
0.082463354;0.07674006;0.069919795;0.060819432;0.04884145;0.035265334;0.021892937;0.011274328;0.005610323;0.0022984517
0.0824742;0.07675319;0.06993453;0.06083613;0.04885575;0.035280973;0.021912979;0.0112917535;0.0056220964;0.0023061894
0.08248249;0.07676327;0.06994571;0.060849257;0.04886648;0.035293028;0.021929443;0.0113064805;0.005632115;0.0023128667
0.082482725;0.0767639;0.06994544;0.06085229;0.048865452;0.03529407;0.0219377;0.011316439;0.005639282;0.0023182053
0.08254102;0.07683359;0.07002676;0.06093412;0.048946705;0.035376433;0.022022588;0.011382029;0.0056822626;0.0023445631
0.082554966;0.07684961;0.07004747;0.06094835;0.04896892;0.035394758;0.022027079;0.011378322;0.0056785448;0.0023403908
0.08258067;0.0768799;0.070084244;0.06098081;0.049006697;0.035430215;0.022053875;0.011394177;0.005688051;0.0023449303
0.082609326;0.07691408;0.07012452;0.061020344;0.04904715;0.03547068;0.02209377;0.011424139;0.0057074907;0.0023566051
0.08258833;0.07688959;0.070093974;0.06099601;0.04901517;0.035442278;0.022078257;0.011418996;0.005705369;0.0023571218
0.08271992;0.07704561;0.07028149;0.061169013;0.049206;0.035626452;0.022236472;0.011525774;0.005772281;0.0023939316
0.082713604;0.077038094;0.0702724;0.061160766;0.049196728;0.035617568;0.022229074;0.011520913;0.005769269;0.0023923218
0.08270902;0.07703312;0.0702652;0.061158143;0.04918848;0.03561216;0.022233643;0.011529515;0.005775812;0.0023976725
0.08271723;0.07704294;0.07027671;0.061169885;0.049199916;0.035623934;0.022246452;0.011539783;0.005782577;0.0024019058
0.08274698;0.077078685;0.070318535;0.06121266;0.049241506;0.035666846;0.022293355;0.0115775;0.00580743;0.0024174766
0.08272882;0.07705802;0.070291154;0.061195828;0.049211703;0.035643414;0.022292491;0.011588443;0.005816706;0.0024262439
0.082747385;0.07708018;0.07031754;0.061221376;0.049238257;0.035669893;0.022318333;0.011607768;0.005829178;0.0024336877
0.08281683;0.07716264;0.07041699;0.061313413;0.049339347;0.03576804;0.02240486;0.011667676;0.005866878;0.0024548192
0.08282374;0.07717031;0.07042757;0.061318763;0.04935112;0.035776608;0.02240212;0.0116597805;0.005860661;0.0024494736
0.0828594;0.0772137;0.07047731;0.061374053;0.049399517;0.035829708;0.022470938;0.011720302;0.0059013725;0.0024762596
0.08288907;0.07724936;0.07051946;0.061416544;0.049441542;0.035872906;0.022517696;0.0117577985;0.0059259757;0.0024916083
0.08289835;0.07726016;0.07053313;0.0614271;0.04945591;0.035885528;0.022524063;0.0117594395;0.005926424;0.0024909938
0.08297055;0.07734479;0.070638746;0.06151425;0.04956563;0.035985567;0.022589013;0.011791003;0.0059433477;0.0024962437
0.08297807;0.077354;0.07064922;0.061526343;0.049575724;0.03599699;0.022604968;0.011805518;0.0059531704;0.0025028097
0.08295271;0.07732483;0.070611395;0.061499976;0.049535304;0.035963252;0.022594988;0.011810092;0.0059584803;0.0025093711
0.08298342;0.07736041;0.070656896;0.061533876;0.04958341;0.03600478;0.02261304;0.011811821;0.005957266;0.002505314
0.08299399;0.077374086;0.07067081;0.061556295;0.049595334;0.036022756;0.022651957;0.011852325;0.005985492;0.0025252998
0.08305067;0.07744102;0.07075335;0.061628573;0.049680084;0.036102906;0.022715071;0.011891844;0.0060092816;0.0025372235
0.083068304;0.07746157;0.0707794;0.061649024;0.04970736;0.036127172;0.022728533;0.011896592;0.0060112537;0.0025368778
0.08301216;0.07739635;0.070696235;0.061585754;0.049619768;0.03605059;0.022691362;0.011888392;0.006009922;0.0025416652
0.083072245;0.07746766;0.070783466;0.061664894;0.0497087;0.036136582;0.022766065;0.011939757;0.006041907;0.0025593403
0.08314136;0.07754968;0.07088412;0.06175574;0.049811386;0.036235742;0.022851823;0.011998574;0.006078423;0.0025794313
0.08314173;0.07755029;0.070884466;0.0617576;0.049811363;0.03623677;0.02285653;0.012004069;0.006082336;0.0025823128
0.083187036;0.07760375;0.070951015;0.06181466;0.04987993;0.036301065;0.022905199;0.012033371;0.006099589;0.002590471
0.083186164;0.077603534;0.070948824;0.061819702;0.04987607;0.036302082;0.022923268;0.012055995;0.0061158827;0.0026027183
0.08319802;0.07761802;0.07096575;0.061838396;0.04989256;0.03632036;0.022947628;0.012077811;0.006130525;0.0026123992
0.08325943;0.07769032;0.071056366;0.061914563;0.049986236;0.03640735;0.023010347;0.012113504;0.0061509567;0.0026212253
0.083267376;0.07770021;0.071067594;0.061928406;0.049996823;0.036420155;0.023030803;0.012133151;0.006164365;0.0026303912
0.08326229;0.07769513;0.0710592;0.061928846;0.049986422;0.036415547;0.023046542;0.012155691;0.006180935;0.0026432774
0.083327875;0.07777348;0.07115522;0.0620185;0.050083615;0.03651206;0.023139793;0.0122257415;0.0062255356;0.002669645
0.08336519;0.07781795;0.071210146;0.06206858;0.050139464;0.03656678;0.023190062;0.012262154;0.0062484117;0.0026827678
0.08338331;0.07783876;0.071237445;0.06208735;0.050168626;0.036591105;0.023197234;0.012258872;0.006244511;0.002677956
0.08336131;0.07781347;0.071204305;0.062064506;0.05013323;0.03656154;0.023188364;0.012262662;0.0062491097;0.0026836938
0.08339563;0.07785338;0.07125567;0.062103435;0.050187275;0.036609024;0.02321243;0.01226918;0.0062508313;0.0026813657
0.08340156;0.0778623;0.07126294;0.062124886;0.050191265;0.036623318;0.023262735;0.012326432;0.0062912707;0.0027108598
0.083438784;0.07790593;0.07131851;0.062169567;0.05024913;0.036675952;0.02329659;0.012342901;0.0062998347;0.0027133084
0.083425224;0.07789089;0.07129758;0.062159576;0.05022577;0.036659405;0.023304084;0.012361022;0.0063139624;0.002725262
0.0834297;0.07789611;0.07130431;0.06216468;0.050232835;0.036665626;0.023307288;0.012361944;0.0063142357;0.0027249916
0.08349631;0.077975065;0.071403265;0.062250867;0.05033436;0.03676265;0.02338778;0.012415582;0.0063467887;0.0027421776
0.08352186;0.0780052;0.071441405;0.062282912;0.050373748;0.03679952;0.02341551;0.012432308;0.0063564987;0.0027466896
0.08353846;0.078025274;0.07146585;0.062307283;0.05039812;0.03682504;0.023444869;0.01245697;0.0063726655;0.0027569628
0.08354963;0.07803935;0.071482;0.06232755;0.050413273;0.036843948;0.02347683;0.0124883745;0.00639411;0.0027717343
0.08358294;0.07807839;0.07153197;0.062367707;0.050465263;0.036891416;0.02350808;0.01250422;0.0064024907;0.002774422
0.08357987;0.078075275;0.07152708;0.06236743;0.05045934;0.036888577;0.023516081;0.012515971;0.006411149;0.002781191
0.0835782;0.0780741;0.071524136;0.06237088;0.05045496;0.03688866;0.02353185;0.012536223;0.006425757;0.0027922383
0.0836081;0.078109495;0.07156887;0.062409304;0.050500937;0.036932416;0.02356751;0.012559669;0.0064398437;0.0027995293
0.08369666;0.078216106;0.071700945;0.06253492;0.050633915;0.037068006;0.023711376;0.012675406;0.006514492;0.0028455607
0.083697155;0.07821655;0.071701735;0.062534735;0.05063494;0.037068345;0.023709342;0.012672611;0.006512452;0.002843992
0.08372336;0.07824883;0.07174067;0.06257689;0.05067296;0.037111025;0.023768123;0.0127264885;0.0065485043;0.0028679813
0.08376579;0.07829978;0.07180442;0.0626361;0.05073745;0.037176013;0.02383444;0.012778683;0.0065818555;0.0028881982
0.08382644;0.07837087;0.071896344;0.06270893;0.05083327;0.037263323;0.023891399;0.012807382;0.006596748;0.0028927033
0.083819814;0.07836315;0.071886286;0.0627013;0.05082271;0.037253942;0.023886243;0.012805542;0.0065960446;0.0028928996
0.08385455;0.07840627;0.071938336;0.06275927;0.050873175;0.037312236;0.023971716;0.012886002;0.0066501563;0.0029293513
0.08388033;0.07843748;0.071977295;0.062796734;0.0509123;0.037352826;0.0240173;0.012924063;0.0066748704;0.002944909
0.08390534;0.07846755;0.0720152;0.06283191;0.05095064;0.03739169;0.02405778;0.012956438;0.006695593;0.0029575806
0.083943404;0.07851209;0.07207327;0.0628769;0.051011376;0.03744649;0.0240915;0.012971914;0.0067030443;0.0029589592
0.08396648;0.07853958;0.07210837;0.06290776;0.05104725;0.037481617;0.02412382;0.012995684;0.006717795;0.002967393
0.08395223;0.07852487;0.07208638;0.062903725;0.051021345;0.037467904;0.024153024;0.0130405;0.006751021;0.002993628
0.08397657;0.078553826;0.072123475;0.06293578;0.05105939;0.03750477;0.02418559;0.013063719;0.006765247;0.0030015311
0.08402412;0.07861005;0.072196215;0.062995836;0.05113461;0.037575603;0.024240706;0.013098709;0.0067856275;0.0030114464
0.08405982;0.078652814;0.07225083;0.06304483;0.05119022;0.037631005;0.024295205;0.013140858;0.0068122;0.0030272477
0.084090576;0.07869166;0.072298035;0.06309976;0.05123548;0.037686042;0.02438439;0.013228181;0.0068713166;0.0030677412
0.08415727;0.07877028;0.07240063;0.06318268;0.051341932;0.03778536;0.024458282;0.013273024;0.006896737;0.003079229
0.08413306;0.078742936;0.07236339;0.06316044;0.05130157;0.037753787;0.024457715;0.013288499;0.0069100787;0.0030918166
0.084173806;0.07879159;0.072426274;0.063214965;0.051366;0.037816852;0.024515808;0.013331495;0.0069366614;0.0031070202
0.084179066;0.078798085;0.07243441;0.063223414;0.051374033;0.03782583;0.024528055;0.013342789;0.006944172;0.0031120076
0.084215164;0.07884222;0.07249044;0.06327803;0.051430117;0.037885655;0.024600882;0.013406633;0.006985964;0.0031389967
0.08429529;0.07893811;0.07261482;0.06338664;0.051557362;0.038011428;0.024721157;0.013498379;0.0070431745;0.0031724905
0.08430986;0.07895611;0.07263768;0.06340977;0.05158007;0.03803649;0.024754446;0.013528802;0.0070633013;0.003185779
0.084352925;0.07900926;0.07270534;0.063478135;0.051647298;0.038110796;0.024853464;0.013619493;0.007123317;0.003225445
0.08436938;0.07902883;0.07273105;0.06349954;0.051673815;0.038136296;0.024875307;0.013634837;0.0071325437;0.0032304332
0.08438593;0.07904838;0.07275687;0.06352033;0.051700614;0.03816148;0.024894789;0.013647275;0.007139696;0.003233875
0.08439496;0.07905847;0.07277078;0.06352808;0.0517158;0.03817295;0.024893165;0.013639273;0.0071331114;0.0032279724
0.08437131;0.07903181;0.0727343;0.06350629;0.051676303;0.038142003;0.024892325;0.013654065;0.0071459827;0.0032401823
0.0844193;0.07908942;0.07280962;0.06357217;0.05175335;0.038218796;0.024968114;0.013713361;0.0071831606;0.0032623266
0.084466115;0.07914549;0.072883226;0.06363565;0.05182883;0.03829345;0.02503969;0.013768341;0.0072173616;0.0032823794
0.08445418;0.07913189;0.07286474;0.06362366;0.051809028;0.038277175;0.02503585;0.013771685;0.0072209397;0.0032863822
0.084495306;0.0791795;0.07292883;0.06366921;0.0518768;0.03833612;0.025063625;0.013777643;0.0072209607;0.0032817314
0.08445448;0.07913255;0.07286532;0.063625924;0.051809244;0.038278874;0.02504275;0.013779806;0.007226668;0.0032905957
0.08450775;0.079194814;0.072948635;0.06368851;0.05189664;0.038357645;0.025091069;0.013802382;0.0072372057;0.003292355
0.08448455;0.07916869;0.0729128;0.06366737;0.051857833;0.038327426;0.025091106;0.013817948;0.0072506093;0.003304926
0.08451622;0.07920531;0.07296215;0.063702345;0.051910035;0.038372785;0.025112325;0.013822345;0.007250477;0.0033012317
0.08454618;0.07924117;0.073009506;0.06374259;0.05195872;0.038420603;0.025157053;0.013856161;0.0072713313;0.0033132727
0.08454366;0.07923971;0.0730063;0.06374869;0.051953584;0.038423054;0.025186151;0.01389289;0.0072975988;0.003333022
0.08455449;0.079253085;0.07302368;0.06376569;0.051970974;0.038442068;0.025210854;0.013915379;0.007312399;0.003342754
0.08455488;0.079253875;0.07302446;0.063768394;0.051971346;0.038444184;0.025219083;0.013925037;0.0073191975;0.0033477491
0.08457981;0.07928477;0.07306458;0.06380822;0.052011408;0.03848858;0.02527865;0.013980059;0.0073555545;0.0033718322
0.08458908;0.079295486;0.073079064;0.06381834;0.052026764;0.038501836;0.025284542;0.013980951;0.00735522;0.0033705262
0.08462989;0.07934503;0.073144406;0.063877486;0.052093215;0.038570564;0.02536118;0.014045841;0.0073968708;0.003396703
0.08465648;0.0793758;0.07318612;0.06390708;0.0521373;0.03860907;0.025380008;0.01405069;0.007397513;0.0033941239
0.08470288;0.07943231;0.073260814;0.063975245;0.052213147;0.038688287;0.025471002;0.014129075;0.0074480576;0.003426224
0.084661074;0.07938382;0.07319507;0.06392813;0.05214376;0.038627226;0.025439298;0.014118934;0.007445294;0.003428985
0.08470138;0.079430625;0.07325849;0.063973784;0.052210666;0.038686283;0.025470674;0.014129676;0.0074486425;0.003426826
0.08473019;0.079466894;0.07330575;0.064023316;0.052257396;0.038740918;0.02555302;0.014209463;0.0075020413;0.0034630687
0.084753335;0.07949354;0.073342055;0.06404842;0.05229591;0.038774054;0.025567219;0.01421105;0.0075007156;0.00345942
0.08473286;0.0794701;0.073310025;0.06402709;0.052261773;0.03874539;0.02555782;0.014213458;0.007504589;0.0034646518
0.08475874;0.079501204;0.073351495;0.06406318;0.052304305;0.03878838;0.02560233;0.014249721;0.0075275125;0.0034786593
0.08478674;0.07953461;0.07339624;0.06410069;0.0523505;0.038833827;0.025645124;0.014282491;0.007547738;0.0034904226
0.08478649;0.07953462;0.07339604;0.064102314;0.05234994;0.03883487;0.02565178;0.014290687;0.007553571;0.0034947796
0.08486484;0.07962827;0.07352148;0.06420947;0.05247914;0.038963996;0.025780339;0.014393123;0.0076177884;0.003533364
0.08484244;0.079603344;0.0734869;0.06419038;0.052441526;0.03893581;0.025785256;0.014414064;0.0076350085;0.0035487225
0.08488029;0.07964703;0.07354644;0.06423263;0.052504525;0.03899107;0.02581326;0.014422469;0.0076369396;0.0035457907
0.084864154;0.079628386;0.07352105;0.06421455;0.052477673;0.038967457;0.025801048;0.014418552;0.007635877;0.0035468638
0.084894575;0.07966436;0.07356952;0.06425415;0.05252798;0.039016202;0.025844192;0.014450219;0.007655082;0.0035576052
0.08490403;0.079675764;0.073584765;0.06426787;0.05254358;0.03903246;0.025862716;0.014466221;0.0076654125;0.0035641764
0.08490301;0.07967524;0.073583625;0.064270854;0.05254168;0.03903415;0.025876999;0.014484141;0.0076782247;0.0035738025
0.08493294;0.07971293;0.07363303;0.064325295;0.05259047;0.03909427;0.025976561;0.014584269;0.007746024;0.0036206825
0.08496574;0.0797503;0.07368434;0.06435939;0.0526452;0.0391403;0.02599198;0.014580928;0.007740161;0.0036125458
0.08496596;0.079751;0.073685005;0.064362645;0.0526454;0.03914298;0.02600333;0.014594499;0.007749763;0.0036196543
0.08495642;0.079740375;0.07367026;0.06435418;0.05262944;0.039130725;0.02600408;0.014601779;0.0077559445;0.0036253433
0.08499484;0.07978618;0.07373189;0.064407974;0.052692935;0.03919562;0.026073616;0.014660059;0.0077931923;0.0036485808
0.085001096;0.07979357;0.0737419;0.06441628;0.052703317;0.03920584;0.02608325;0.014667509;0.0077978102;0.0036512874
0.08502199;0.079820395;0.0737769;0.06445837;0.05273747;0.039251536;0.026169084;0.014757245;0.007859269;0.0036945494
0.085040465;0.07984202;0.073806286;0.064482026;0.052768137;0.039281096;0.026194666;0.014775826;0.007870489;0.0037007597
0.085172;0.07999742;0.07401686;0.06466134;0.05298654;0.039501265;0.026419725;0.014960189;0.0079873875;0.0037725305
0.08515565;0.07997899;0.07399135;0.06464516;0.052959207;0.039478905;0.026414864;0.014965237;0.007992737;0.0037784001
0.08520745;0.0800402;0.07407444;0.06471763;0.0530453;0.039567582;0.026511926;0.015048219;0.008046197;0.0038122246
0.085214764;0.08004924;0.0740865;0.064730704;0.053057462;0.039582558;0.02653667;0.015073312;0.008063265;0.003824091
0.08521924;0.08005487;0.07409401;0.06473959;0.053064905;0.039592505;0.026555222;0.01509279;0.00807664;0.0038335323
0.08527157;0.08011793;0.07417913;0.06482336;0.053152025;0.03969176;0.026695978;0.015228564;0.00816769;0.0038953472
0.08532384;0.08017832;0.0742621;0.06488829;0.053239323;0.039774925;0.026764002;0.015276203;0.008196002;0.003910428
0.0853108;0.08016336;0.07424152;0.06487302;0.053217545;0.03975498;0.026750624;0.015268672;0.00819204;0.003908978
0.085330315;0.08018744;0.074273825;0.06490962;0.053250145;0.03979706;0.026825264;0.015346301;0.008245276;0.0039464384
0.085353285;0.08021374;0.07431013;0.0649365;0.053288575;0.03983224;0.026848793;0.015359521;0.008252222;0.003948973
0.08537662;0.080241606;0.07434803;0.064973585;0.053327627;0.03987682;0.026912104;0.0154208895;0.008293479;0.0039770724
0.085411295;0.08028081;0.07440244;0.065010756;0.0533856;0.039926924;0.026934344;0.015424748;0.008292483;0.0039723217
0.08540483;0.080274135;0.07439286;0.06500927;0.053374834;0.039922528;0.026952174;0.015450765;0.00831175;0.003987458
0.085397586;0.08026592;0.07438146;0.06500106;0.05336274;0.039911658;0.02694565;0.015447661;0.008310316;0.003987222
0.08541565;0.08028743;0.07441082;0.06502988;0.053393044;0.03994643;0.026995547;0.015496298;0.008343085;0.004009609
0.085428014;0.080301434;0.07443025;0.06504329;0.05341374;0.03996446;0.027004112;0.015498443;0.008343277;0.004008325
0.08546582;0.080344886;0.07449027;0.065090686;0.05347705;0.0400255;0.027056623;0.015537094;0.008366782;0.004021524
0.0854513;0.08032885;0.0744678;0.06507794;0.053452812;0.040007096;0.027058624;0.015549228;0.008377026;0.0040308544
0.0854533;0.080331475;0.07447131;0.065083325;0.053456247;0.040013015;0.027073115;0.015565531;0.008388452;0.00403916
0.08545968;0.08033952;0.07448213;0.06509784;0.053467058;0.04002942;0.02710864;0.015604521;0.008415622;0.0040587313
0.08547206;0.08035356;0.074501604;0.06511196;0.053487763;0.040048137;0.027120326;0.015610506;0.00841856;0.004059504
0.08550744;0.0803947;0.07455832;0.065161206;0.05354723;0.04011011;0.027190167;0.01567195;0.008458646;0.0040853964
0.08551861;0.080407344;0.0745759;0.06517345;0.053565964;0.040126584;0.027198602;0.015674746;0.008459431;0.004084692
0.08555822;0.080454044;0.074640095;0.06523526;0.05363287;0.040202625;0.02730506;0.01577808;0.008529083;0.0041322447
0.08561191;0.08051579;0.07472575;0.06530529;0.05372334;0.04029283;0.027392827;0.015849276;0.008574262;0.0041598924
0.08559224;0.080494426;0.07469563;0.06529112;0.053690713;0.040271003;0.027408514;0.015881557;0.008599538;0.0041810977
0.085671015;0.08058463;0.07482101;0.065390676;0.053823587;0.040400717;0.027524784;0.015970884;0.008655086;0.0042136735
0.08563517;0.08054465;0.07476503;0.065355085;0.053763643;0.04035132;0.027512554;0.01597989;0.008665441;0.004225565
0.085673615;0.08058895;0.07482652;0.06540651;0.05382872;0.04041764;0.02758164;0.016038617;0.008703461;0.0042496757
0.08572387;0.080646336;0.07490649;0.06546911;0.053913675;0.04049989;0.027652595;0.016091757;0.008736212;0.0042684837
0.08578093;0.08071298;0.07499902;0.06555455;0.05401148;0.040608477;0.027794857;0.016227622;0.008827831;0.0043307785
0.085725844;0.08065039;0.07491156;0.065488026;0.05391831;0.04052011;0.027725317;0.016179346;0.008799026;0.0043154466
0.0858116;0.08074972;0.07504982;0.06560948;0.05406509;0.040676773;0.027910728;0.016348995;0.008912053;0.004390641
0.08577953;0.0807129;0.07499844;0.065566786;0.05401039;0.040620927;0.027852807;0.016299486;0.008879793;0.0043700314
0.085899554;0.08085148;0.07519187;0.06573438;0.054216564;0.04083931;0.02810461;0.016527873;0.0090318415;0.004470858
0.085843235;0.08078703;0.075101644;0.065660484;0.05412018;0.040741682;0.028006475;0.01644515;0.008978087;0.004436764
0.08582702;0.08076799;0.07507517;0.065635085;0.054092;0.040709183;0.027960561;0.016399728;0.008947012;0.004415201
0.08588028;0.08082886;0.07516037;0.06570398;0.05418295;0.040800236;0.028048713;0.016472198;0.0089936415;0.0044442504
0.08597506;0.08093872;0.075313956;0.06584151;0.054347355;0.04098005;0.028272644;0.016683675;0.009136617;0.004541356
0.08594341;0.08090299;0.075263724;0.06580416;0.05429351;0.040929478;0.02823519;0.016658816;0.009121998;0.0045339246
0.08587681;0.08082634;0.075156406;0.065712474;0.05417858;0.040808633;0.028099544;0.016536845;0.009040793;0.0044802143
0.08592738;0.08088313;0.075236276;0.06576921;0.054264084;0.040885843;0.028145958;0.016560007;0.0090521;0.0044829575
0.085953355;0.080914155;0.075279444;0.06581511;0.054310348;0.040944465;0.028243367;0.016662195;0.009123374;0.004533825
0.08593066;0.080888;0.07524279;0.06578335;0.054271035;0.0409026;0.028194755;0.016617687;0.009093545;0.004513882
0.08598361;0.080948666;0.07532792;0.06585435;0.05436234;0.040996887;0.028294854;0.016705232;0.009151339;0.004551507
0.08597462;0.080939725;0.07531502;0.06585429;0.054348662;0.040994674;0.0283308;0.01675538;0.009188736;0.0045808204
0.086007655;0.080977544;0.075368166;0.065898605;0.05440583;0.041053865;0.02839389;0.01681086;0.00922551;0.004604884
0.086011894;0.080981776;0.07537427;0.06589862;0.054412268;0.041054837;0.028376728;0.01678693;0.009207642;0.004590871
0.08603069;0.08100341;0.07540463;0.065924704;0.054444954;0.041089565;0.028416518;0.016823297;0.0092320675;0.0046072197
0.08596231;0.08092506;0.075294584;0.06583312;0.054326642;0.040967315;0.028286956;0.016709764;0.009156932;0.004558174
0.0860057;0.080976486;0.07536642;0.06590618;0.054404207;0.041062392;0.028435469;0.016863251;0.009263834;0.0046341275
0.08607291;0.0810525;0.07547354;0.06598827;0.05451948;0.04117386;0.028528668;0.016933039;0.009307436;0.004659518
0.08606983;0.08105011;0.075469956;0.065993994;0.05451601;0.041180227;0.02856695;0.01698218;0.009343596;0.0046872967
0.086014174;0.08098622;0.07538009;0.06591775;0.054418944;0.041077867;0.028452598;0.016878651;0.009274137;0.0046409676
0.08606616;0.08104533;0.075463325;0.06598419;0.054508645;0.04116766;0.028538015;0.016949046;0.009319834;0.00466969
0.08605018;0.08102808;0.07543883;0.06597154;0.054482546;0.04114941;0.02854652;0.016970152;0.009336937;0.004684481
0.08614782;0.081140146;0.07559676;0.066106185;0.054653827;0.041331418;0.028753038;0.01715933;0.009464665;0.0047703926
0.08614038;0.08113189;0.07558507;0.066098504;0.054641288;0.041320726;0.028748974;0.017159294;0.009465435;0.0047718254
0.08612184;0.08111113;0.07555563;0.06607701;0.054609545;0.041291103;0.028728064;0.017145894;0.009457625;0.004767996
0.08611682;0.0811044;0.07554634;0.06606195;0.054598954;0.041271552;0.02868051;0.017090673;0.00941778;0.004738281
0.08620304;0.08120367;0.07568649;0.06618449;0.054751795;0.04143811;0.028881196;0.017280534;0.009547554;0.0048272167
0.08619541;0.08119671;0.07567632;0.06618887;0.054741994;0.04144309;0.028933488;0.017350145;0.009599473;0.004867647
0.08615437;0.081147954;0.07560771;0.06611801;0.05466594;0.04134724;0.028779913;0.017188111;0.009485037;0.0047851517
0.08619289;0.08119231;0.07567033;0.06617263;0.054734334;0.04142171;0.02886929;0.017272629;0.009542844;0.004824782
0.08619047;0.08118875;0.075665474;0.066162996;0.054728545;0.041409038;0.028835196;0.017232198;0.009513457;0.004802681
0.08614214;0.08113493;0.075589135;0.066109136;0.05464628;0.041334428;0.028790113;0.017208807;0.009501502;0.0047990587
0.086220905;0.08122489;0.075716384;0.06621558;0.05478505;0.041480336;0.028949462;0.01735286;0.00959874;0.0048642014
0.08623165;0.08123734;0.07573398;0.066231705;0.054804463;0.041502476;0.028978862;0.017382003;0.009619004;0.004878442
0.086273745;0.08128671;0.07580377;0.066299744;0.0548822;0.04159624;0.0291171;0.01752472;0.009719566;0.0049504675
0.08630043;0.081316695;0.075846404;0.066332154;0.054928645;0.041641496;0.029155124;0.017553948;0.009738269;0.0049617514
0.08630271;0.08131951;0.07585038;0.06633701;0.05493324;0.041648228;0.029168133;0.01756851;0.009748773;0.0049695293
0.08628167;0.08129682;0.07581793;0.066318944;0.054898836;0.041622825;0.029173296;0.017588908;0.00976607;0.0049851285
0.08633153;0.081352584;0.075897366;0.06637805;0.0549853;0.04170561;0.029237878;0.017635584;0.009795227;0.0050018225
0.086353235;0.08137718;0.07593242;0.06640659;0.0550239;0.04174569;0.029279381;0.01767248;0.009820189;0.0050184894
0.08637988;0.08140925;0.07597784;0.06645661;0.055076383;0.04181656;0.029402126;0.01780675;0.009916797;0.0050895656
0.08636852;0.08139518;0.07595797;0.066431984;0.055052847;0.0417815;0.029333849;0.017729724;0.00986092;0.0050479798
0.08640291;0.08143514;0.0760148;0.06648525;0.055117033;0.04185711;0.029438835;0.017836895;0.009936716;0.005102268
0.086396456;0.08142784;0.0760044;0.06647702;0.05510556;0.041845437;0.029427566;0.017827228;0.009930224;0.00509801
0.08638626;0.08141749;0.07598947;0.06647308;0.055090673;0.041840278;0.029453292;0.017865907;0.009960026;0.005122039
0.0864543;0.081495516;0.076100856;0.066570625;0.055216115;0.04198032;0.029625688;0.018034471;0.010078245;0.0052053416
0.086399324;0.081432216;0.0760105;0.06648958;0.055113863;0.0418637;0.029475309;0.017884493;0.009972441;0.005130107
0.08646369;0.08150534;0.07611501;0.06657692;0.055230647;0.04198881;0.029614646;0.018014513;0.010062375;0.005192075
0.0864757;0.081519;0.07613455;0.06659321;0.055252533;0.042012274;0.029640727;0.018038888;0.010079276;0.005203739
0.08642695;0.08146545;0.07605775;0.06654139;0.055169433;0.041938916;0.02960457;0.018026458;0.010075163;0.005206027
0.086406976;0.081441864;0.07602413;0.06650748;0.05513049;0.041889742;0.029528338;0.017945176;0.010016749;0.0051633124
0.08644122;0.081480294;0.07607913;0.06655013;0.05519122;0.041950602;0.02958389;0.017991304;0.010047463;0.005183108
0.08640831;0.081443116;0.07602596;0.066507034;0.055132084;0.041888937;0.029520124;0.017934084;0.0100083565;0.0051567084
0.08646887;0.081513286;0.07612616;0.066600055;0.05524665;0.042023838;0.029704932;0.018123202;0.010142933;0.0052535716
0.08649742;0.08154451;0.07617101;0.06662953;0.05529502;0.04206555;0.02972196;0.018125346;0.010141519;0.005249293
0.086487755;0.08153495;0.07615717;0.0666274;0.05528198;0.04206378;0.029754933;0.018172767;0.010177991;0.0052785147
0.086477265;0.08152218;0.076138936;0.06660632;0.055259865;0.042032354;0.029698122;0.01810915;0.01013155;0.0052438574
0.08649646;0.0815442;0.07617049;0.06663413;0.05529579;0.042072944;0.029748939;0.018159505;0.010167154;0.005269176
0.08649507;0.081544355;0.076170556;0.066645816;0.05529917;0.042091828;0.029813264;0.018240426;0.010227871;0.0053162174
0.08648136;0.081526354;0.07614499;0.06660825;0.055265862;0.042034764;0.02968926;0.018095408;0.01012085;0.005235148
0.08653717;0.081590846;0.07623741;0.066693455;0.055372447;0.042160213;0.029859453;0.018269863;0.01024551;0.005325165
0.086499415;0.081548795;0.07617697;0.06664802;0.055305503;0.04209452;0.02980458;0.018226739;0.010217165;0.005307463
0.08652799;0.081579745;0.0762215;0.066675454;0.05535304;0.042133022;0.029811427;0.018216223;0.010206276;0.005295866
0.08656137;0.08161816;0.07627666;0.06672539;0.055416737;0.04220704;0.029908895;0.01831529;0.010277051;0.005346865
0.08656469;0.08162473;0.07628591;0.06675129;0.05543336;0.042249456;0.030024383;0.018456934;0.010383232;0.0054287496
0.086532846;0.0815866;0.07623122;0.066692345;0.055366665;0.04215931;0.029873498;0.018290207;0.010261224;0.005337794
0.086531;0.08158466;0.07622841;0.066691115;0.055363815;0.042157732;0.029875923;0.018294476;0.010264623;0.0053406344
0.086573474;0.08163259;0.07629737;0.06674736;0.055441834;0.042240478;0.02996391;0.018375732;0.010321197;0.0053796936
0.08659833;0.081662506;0.07634033;0.06679449;0.055494927;0.042313457;0.030088179;0.018514063;0.010422791;0.005455718
0.0865466;0.0816028;0.07625444;0.0667156;0.055394273;0.042194344;0.029927209;0.018347908;0.010303101;0.0053686667
0.086539194;0.081595376;0.076243736;0.066713125;0.055384185;0.04219208;0.029948823;0.018379763;0.010327817;0.0053886264
0.08657409;0.081636086;0.0763022;0.06676915;0.055453576;0.042277228;0.03007159;0.018509507;0.010421882;0.005457692
0.086547285;0.08160451;0.07625684;0.066723935;0.055399105;0.042208053;0.029966246;0.01839609;0.010339254;0.005396591
0.086610675;0.08167665;0.07636072;0.06681266;0.05551878;0.042341013;0.030123483;0.018549878;0.010448548;0.005474352
0.086680934;0.0817583;0.0764787;0.06692503;0.055661485;0.042516813;0.030374646;0.018816847;0.010643658;0.005618545
0.08658995;0.081654474;0.07632868;0.06679404;0.05548505;0.04231535;0.030124992;0.018565565;0.010462553;0.0054875268
0.08663692;0.0817056;0.07640256;0.06684292;0.055565152;0.042385258;0.030156035;0.018573025;0.0104632955;0.0054829116
0.08662918;0.081698924;0.07639279;0.06684801;0.055559218;0.04239705;0.030218977;0.018656781;0.010527491;0.0055336985
0.08667143;0.08174711;0.07646249;0.066908814;0.05564133;0.042490803;0.030334983;0.01877359;0.01061174;0.0055946857
0.08665547;0.081728145;0.07643505;0.06687986;0.05560673;0.042444356;0.030259676;0.018690089;0.010550002;0.0055483202
0.08667212;0.08174692;0.07646228;0.066902615;0.055638354;0.042479098;0.030299127;0.018728295;0.010577259;0.005567723
0.08662415;0.081693485;0.07638495;0.06684277;0.055550687;0.04238952;0.03021536;0.01865558;0.010527094;0.005533935
0.08661376;0.08168146;0.0763676;0.06682682;0.055530038;0.042364873;0.030181952;0.018620797;0.010501843;0.005515442
0.086734705;0.08182031;0.07656877;0.06700836;0.0557716;0.04265026;0.030557118;0.019009478;0.010785147;0.005723302
0.086697295;0.08177741;0.07650642;0.06695208;0.055695865;0.0425603;0.030438766;0.018886173;0.010694782;0.0056566815
0.08674598;0.08183334;0.07658775;0.06702612;0.055795204;0.042679258;0.030597437;0.019052505;0.01081695;0.0057470016
0.08668554;0.08176409;0.07648709;0.06693562;0.055673018;0.042534627;0.030408353;0.018855944;0.010672952;0.0056409123
0.08670613;0.08178609;0.07651904;0.06695478;0.055706836;0.042561226;0.030410346;0.018844731;0.010662282;0.0056303185
0.08674153;0.08182914;0.07658165;0.06702592;0.05579072;0.042681463;0.030618414;0.019081768;0.010839842;0.0057654455
