Point1_EtchRate;Point2_EtchRate;Point3_EtchRate;Point4_EtchRate;Point5_EtchRate;Point6_EtchRate;Point7_EtchRate;Point8_EtchRate;Point9_EtchRate;Point10_EtchRate
0.78380275;0.690717;0.6522584;0.59502566;0.514794;0.4115986;0.31415346;0.22298206;0.14342028;0.08306909
1.2307615;1.1122547;1.0342383;0.9037558;0.7571913;0.5913306;0.42789084;0.28646952;0.18282068;0.10803477
0.6724023;0.5952428;0.5737472;0.53790414;0.47923377;0.39486894;0.31777936;0.23295482;0.15803277;0.09886115
0.87174493;0.772412;0.72947437;0.6635989;0.57312167;0.45951703;0.35057253;0.24965571;0.16219485;0.09599749
1.3542182;1.2289436;1.1482642;1.0114182;0.8549161;0.67523646;0.498406;0.3419388;0.22479361;0.14022681
1.4324576;1.2962458;1.211601;1.0668428;0.90079296;0.7068385;0.52482843;0.3552596;0.23359996;0.14327392
0.86942065;0.7754799;0.7483461;0.70052016;0.6231929;0.5166484;0.41790652;0.31118405;0.21512836;0.13936475
0.8309789;0.74567115;0.72591335;0.6866656;0.61847174;0.52153903;0.42914134;0.32572687;0.22966665;0.15390372
1.9187347;1.7505038;1.6394118;1.4363362;1.2147869;0.9494655;0.7136827;0.4813841;0.3262797;0.21188572
1.4384989;1.3030591;1.2234228;1.0858835;0.92371166;0.73226875;0.55214834;0.38102406;0.25467998;0.15994948
0.70866585;0.6370834;0.62179404;0.59027076;0.53448653;0.4544178;0.37339222;0.2847184;0.20042858;0.13509935
1.4887214;1.3549259;1.2677593;1.1175103;0.9466561;0.7487562;0.5570196;0.38362515;0.25569907;0.16331968
0.7317778;0.64639056;0.6145521;0.5657244;0.49452946;0.40092996;0.31081468;0.22458051;0.14723706;0.088525556
0.9045594;0.8081003;0.78115946;0.7318748;0.6518812;0.5411368;0.4402268;0.3281005;0.22837096;0.1488885
0.7732638;0.6959715;0.68142086;0.64923555;0.5896374;0.5021331;0.4172274;0.31943858;0.22727221;0.15457025
0.9352901;0.8414051;0.80818325;0.7497716;0.66323805;0.5519768;0.43969727;0.32921422;0.22752014;0.14986742
0.7932507;0.70342577;0.6713779;0.62072724;0.5450361;0.44529042;0.34900573;0.25528938;0.17034322;0.10552027
1.1295651;1.0184445;0.95768565;0.8573439;0.7335174;0.5884223;0.44251847;0.31180787;0.20572937;0.12674192
1.6402664;1.4907489;1.3902272;1.2140924;1.0206356;0.79468834;0.58693594;0.3912006;0.258458;0.16097918
1.4752483;1.3425684;1.2537818;1.1011845;0.92978776;0.7324648;0.54101413;0.36970955;0.24476653;0.15509394
1.0203965;0.9168454;0.8727168;0.7985505;0.6965877;0.57006115;0.4445315;0.3245116;0.21999931;0.14022163
0.78130436;0.6906556;0.6621421;0.6170492;0.5452595;0.4455448;0.3551377;0.25961894;0.17486557;0.10829697
1.2853271;1.1616611;1.0937916;0.9783846;0.8371304;0.6696508;0.50810397;0.35619366;0.23815787;0.14910874
0.63371277;0.5614034;0.54013795;0.50444293;0.4483954;0.36927882;0.29487136;0.21524681;0.14500555;0.0901032
0.5490809;0.4965327;0.48791873;0.4638167;0.4231042;0.36227122;0.29977;0.22535454;0.15938333;0.107346766
0.87302667;0.77817726;0.74962556;0.7002301;0.6215086;0.5139254;0.41395378;0.30733705;0.21157953;0.13627899
0.7933291;0.6995107;0.6595997;0.6000713;0.5178634;0.413303;0.3138995;0.22214742;0.14232025;0.082034595
1.4306378;1.296659;1.2150946;1.075079;0.91212106;0.72137445;0.53982866;0.3710773;0.24658534;0.15439737
0.4952653;0.44594482;0.44028604;0.42029566;0.3853471;0.3247451;0.27549827;0.1996056;0.14234298;0.09295624
0.97488;0.8773352;0.8346569;0.76319504;0.6658852;0.54696375;0.42442828;0.31189543;0.21110731;0.13566276
0.7956079;0.7102363;0.6816567;0.63377;0.5607867;0.46497193;0.36834753;0.27453607;0.18673858;0.12026354
1.4147954;1.2834034;1.1975704;1.0511293;0.8857753;0.69537616;0.5118664;0.34695286;0.2273733;0.14061624
0.6223774;0.55431414;0.54194385;0.51576304;0.46755603;0.39095458;0.3254742;0.24040316;0.16837534;0.109051816
1.1505232;1.0377774;0.9776702;0.87766564;0.7529125;0.60556483;0.4585606;0.32449347;0.21563256;0.1339719
0.5143317;0.4649931;0.45782697;0.43526757;0.39769426;0.3391586;0.28251922;0.20941694;0.14840448;0.09892697
1.2312993;1.1182945;1.0491565;0.93285763;0.7952994;0.6376352;0.4756931;0.3351674;0.22261429;0.14137286
0.68994844;0.60872996;0.58146435;0.53918576;0.47473767;0.38638166;0.30393344;0.22005065;0.14571747;0.08818247
0.69109315;0.61727285;0.5947136;0.55541587;0.49443415;0.4128599;0.32866412;0.24578632;0.16758758;0.10855327
1.3633946;1.2386917;1.1641778;1.0365592;0.8850566;0.7083591;0.5336512;0.37509793;0.25173426;0.16140008
0.68125445;0.60875046;0.59742737;0.5709858;0.5195465;0.43791768;0.36723584;0.27538282;0.19512245;0.12928852
0.74579906;0.6653794;0.6390767;0.5948258;0.527117;0.43777207;0.3467213;0.25851429;0.17551503;0.1129011
0.6085452;0.5456781;0.5332721;0.5060153;0.45867386;0.38804695;0.31949645;0.2393726;0.16760942;0.11083063
0.5293143;0.477996;0.471267;0.4494781;0.41146883;0.35075808;0.29377598;0.21818368;0.15513116;0.1035747
0.89410204;0.7943941;0.7562193;0.6955755;0.60755265;0.49358603;0.3855337;0.27990508;0.18685865;0.11528095
0.6388383;0.5672438;0.5492486;0.51709914;0.4633852;0.38453045;0.31219366;0.22980426;0.15745136;0.09994773
0.78380275;0.690717;0.6522584;0.59502566;0.514794;0.4115986;0.31415346;0.22298206;0.14342028;0.08306909
1.2307615;1.1122547;1.0342383;0.9037558;0.7571913;0.5913306;0.42789084;0.28646952;0.18282068;0.10803477
1.244695;1.1240118;1.046267;0.916363;0.76911485;0.6013051;0.43728125;0.2935602;0.18803826;0.11132074
0.92470884;0.8263079;0.7822244;0.71161056;0.6163856;0.49987528;0.38256168;0.27646255;0.18283784;0.11292187
0.6457551;0.5799045;0.5644739;0.5333716;0.4813266;0.40796986;0.3320259;0.25111365;0.17499962;0.11654835
0.7876649;0.6947663;0.65567654;0.59719247;0.5160662;0.41269305;0.314029;0.22289367;0.14318556;0.08303664
0.52236205;0.466157;0.45470476;0.4296528;0.38860714;0.32339296;0.26740298;0.19291456;0.13391742;0.08479459
0.5094351;0.4562456;0.44485992;0.418913;0.37838766;0.31658986;0.2597846;0.18829437;0.13047922;0.08333818
0.8383397;0.7438419;0.7038038;0.64175844;0.5560552;0.4486622;0.34305876;0.24662338;0.16102663;0.09686997
0.66842794;0.5995087;0.5817062;0.5478276;0.49238756;0.41586003;0.3362009;0.254049;0.1760763;0.11667348
0.90512455;0.80453974;0.7571856;0.68368435;0.586931;0.46899083;0.353437;0.24974613;0.16114026;0.09482556
1.109199;1.00139;0.940124;0.8391305;0.7163851;0.5744965;0.4289375;0.30201805;0.19839236;0.122279026
0.6022939;0.53294337;0.5130497;0.4794724;0.4267061;0.35047328;0.2808748;0.20333181;0.13687998;0.08418346
0.6188689;0.54624516;0.52294326;0.4856667;0.4291269;0.34990755;0.276569;0.19906329;0.13202944;0.07960709
0.80561835;0.7196088;0.68854505;0.63715047;0.5613606;0.46406755;0.36446714;0.2707585;0.18305263;0.11730803
1.0706096;0.96477884;0.90216535;0.79989207;0.67835;0.5395079;0.39706776;0.27540618;0.17773989;0.10653774
0.77114844;0.6854281;0.6524107;0.5999099;0.52474713;0.42898217;0.33226898;0.24309306;0.16108426;0.09986266
0.77119374;0.6865652;0.658281;0.61168075;0.54058075;0.446533;0.3529867;0.26165366;0.17689738;0.11253575
1.2520726;1.1301807;1.0536488;0.92587984;0.77925897;0.61099094;0.44721103;0.30209315;0.19464302;0.11598215
